is_fraud,fraudpattern,gender_encoded,ethnicity_encoded,class_encoded,hair_color_encoded,eye_color_encoded,is_donor,is_veteran,age,license_validity,height_numeric,weight_numeric,id
True,1.0,2,0,4,4,4,0,0,0.0,0.0,0.0,0.0,generated_fake_2_66
True,1.0,2,0,4,4,4,0,0,0.0,0.0,0.0,0.0,generated_fake_2_72
True,0.0,0,1,2,2,1,0,0,27.351129363449694,1826.0,85.0,166.0,generated.photos_v3_0011839_fake_5540
True,1.0,2,0,4,4,4,0,0,0.0,0.0,0.0,0.0,generated_fake_2_99
True,0.0,1,1,3,2,1,0,0,30.236824093086927,1826.0,64.0,187.0,generated.photos_v3_0015467_fake_3788
True,0.0,1,1,3,0,1,0,0,25.998631074606436,1826.0,67.0,198.0,generated.photos_v3_0018393_fake_3904
True,0.0,0,4,1,2,1,0,1,34.02053388090349,1827.0,64.0,192.0,generated.photos_v3_0017712_fake_3568
True,0.0,1,1,2,2,1,1,0,27.83025325119781,1826.0,65.0,211.0,generated.photos_v3_0015584_fake_3329
True,0.0,1,3,1,2,1,0,0,40.60780287474333,1826.0,64.0,217.0,generated.photos_v3_0017285_fake_2243
True,0.0,0,3,1,2,1,1,0,28.88980150581793,1826.0,64.0,101.0,generated.photos_v3_0009540_fake_1187
True,0.0,1,3,0,2,1,0,0,30.94866529774127,1827.0,68.0,149.0,generated.photos_v3_0017084_fake_5847
True,0.0,0,4,2,2,2,0,0,40.18617385352498,1826.0,78.0,158.0,generated.photos_v3_0016288_fake_1945
True,0.0,1,4,1,2,1,0,0,37.68377823408624,1826.0,60.0,157.0,generated.photos_v3_0003040_fake_3918
True,0.0,1,3,1,2,1,0,0,24.073921971252567,1827.0,60.0,164.0,generated.photos_v3_0010442_fake_874
True,1.0,2,0,4,4,4,0,0,0.0,0.0,0.0,0.0,generated_fake_2_98
True,1.0,2,0,4,4,4,0,0,0.0,0.0,0.0,0.0,generated_fake_2_73
True,1.0,2,0,4,4,4,0,0,0.0,0.0,0.0,0.0,generated_fake_2_67
True,1.0,2,0,4,4,4,0,0,0.0,0.0,0.0,0.0,generated_fake_2_71
True,1.0,2,0,4,4,4,0,0,0.0,0.0,0.0,0.0,generated_fake_2_65
True,1.0,2,0,4,4,4,0,0,0.0,0.0,0.0,0.0,generated_fake_2_59
True,0.0,1,1,1,2,1,0,0,22.869267624914443,1826.0,90.0,168.0,generated.photos_v3_0008825_fake_5355
True,1.0,2,0,4,4,4,0,0,0.0,0.0,0.0,0.0,generated_fake_2_8
True,1.0,2,0,4,4,4,0,0,0.0,0.0,0.0,0.0,generated_fake_2_9
True,1.0,2,0,4,4,4,0,0,0.0,0.0,0.0,0.0,generated_fake_2_58
True,1.0,2,0,4,4,4,0,0,0.0,0.0,0.0,0.0,generated_fake_2_64
True,1.0,2,0,4,4,4,0,0,0.0,0.0,0.0,0.0,generated_fake_2_70
True,0.0,0,2,3,0,1,0,0,22.119096509240247,1826.0,69.0,171.0,generated.photos_v3_0012976_fake_4712
True,1.0,2,0,4,4,4,0,0,0.0,0.0,0.0,0.0,generated_fake_2_48
True,1.0,2,0,4,4,4,0,0,0.0,0.0,0.0,0.0,generated_fake_2_74
True,1.0,2,0,4,4,4,0,0,0.0,0.0,0.0,0.0,generated_fake_2_60
True,0.0,1,3,3,2,1,0,0,26.965092402464062,1826.0,80.0,190.0,generated.photos_v3_0003103_fake_2619
True,0.0,1,2,0,0,1,1,0,25.144421629021217,1826.0,75.0,133.0,generated.photos_v3_0002511_fake_239
True,0.0,0,3,3,2,1,0,0,35.11841204654346,1826.0,66.0,152.0,generated.photos_v3_0016139_fake_230
True,0.0,0,4,3,2,1,0,0,25.90280629705681,1827.0,91.0,196.0,generated.photos_v3_0003285_fake_3005
True,0.0,0,4,0,2,1,0,0,34.16290212183436,1826.0,75.0,128.0,generated.photos_v3_0015369_fake_2791
True,0.0,0,1,2,2,1,0,0,27.351129363449694,1826.0,85.0,166.0,generated.photos_v3_0011839_fake_797
True,1.0,2,0,4,4,4,0,0,0.0,0.0,0.0,0.0,generated_fake_2_61
True,1.0,2,0,4,4,4,0,0,0.0,0.0,0.0,0.0,generated_fake_2_75
True,1.0,2,0,4,4,4,0,0,0.0,0.0,0.0,0.0,generated_fake_2_49
True,1.0,2,0,4,4,4,0,0,0.0,0.0,0.0,0.0,generated_fake_2_63
True,1.0,2,0,4,4,4,0,0,0.0,0.0,0.0,0.0,generated_fake_2_77
True,1.0,2,0,4,4,4,0,0,0.0,0.0,0.0,0.0,generated_fake_2_88
True,0.0,1,1,3,0,1,0,0,25.998631074606436,1826.0,67.0,198.0,generated.photos_v3_0018393_fake_2175
True,0.0,1,3,1,2,1,0,0,40.60780287474333,1826.0,64.0,217.0,generated.photos_v3_0017285_fake_4636
True,0.0,0,2,0,2,1,0,0,38.80082135523614,1826.0,75.0,129.0,generated.photos_v3_0007944_fake_93
True,1.0,2,0,4,4,4,0,0,0.0,0.0,0.0,0.0,generated_fake_2_89
True,1.0,2,0,4,4,4,0,0,0.0,0.0,0.0,0.0,generated_fake_2_76
True,1.0,2,0,4,4,4,0,0,0.0,0.0,0.0,0.0,generated_fake_2_62
True,1.0,2,0,4,4,4,0,0,0.0,0.0,0.0,0.0,generated_fake_2_11
True,1.0,2,0,4,4,4,0,0,0.0,0.0,0.0,0.0,generated_fake_2_39
True,0.0,0,3,2,2,1,0,1,31.1047227926078,1826.0,79.0,169.0,generated.photos_v3_0010678_fake_3851
True,0.0,1,1,3,0,1,0,0,32.26830937713895,1826.0,66.0,182.0,generated.photos_v3_0013103_fake_617
True,0.0,1,1,2,2,1,0,0,23.392197125256672,1826.0,95.0,188.0,generated.photos_v3_0005252_fake_2762
True,0.0,1,2,1,0,1,0,0,24.56947296372348,1826.0,61.0,223.0,generated.photos_v3_0013748_0248697_0821130_fake_3930
True,1.0,2,0,4,4,4,0,0,0.0,0.0,0.0,0.0,generated_fake_2_38
True,1.0,2,0,4,4,4,0,0,0.0,0.0,0.0,0.0,generated_fake_2_10
True,1.0,2,0,4,4,4,0,0,0.0,0.0,0.0,0.0,generated_fake_2_12
True,0.0,0,1,0,2,1,1,0,26.55715263518138,1826.0,74.0,138.0,generated.photos_v3_0017596_fake_3886
True,0.0,0,3,3,2,1,0,0,33.18822724161533,1826.0,63.0,112.0,generated.photos_v3_0009963_fake_4911
True,0.0,1,3,0,2,1,0,0,32.80219028062971,1826.0,71.0,237.0,generated.photos_v3_0003357_fake_2377
True,0.0,0,3,2,2,1,0,0,38.19028062970568,1826.0,80.0,157.0,generated.photos_v3_0004516_fake_14
True,0.0,0,1,0,0,1,0,0,28.257357973990416,1827.0,72.0,151.0,generated.photos_v3_0009638_fake_2189
True,1.0,2,0,4,4,4,0,0,0.0,0.0,0.0,0.0,generated_fake_2_13
True,1.0,2,0,4,4,4,0,0,0.0,0.0,0.0,0.0,generated_fake_2_17
True,0.0,0,3,2,2,1,0,0,38.19028062970568,1826.0,80.0,157.0,generated.photos_v3_0004516_fake_3332
True,0.0,0,1,3,2,1,0,0,30.2943189596167,1826.0,75.0,163.0,generated.photos_v3_0005821_fake_5765
True,0.0,0,4,2,2,1,0,0,43.07186858316222,1826.0,69.0,184.0,generated.photos_v3_0014463_fake_530
True,0.0,0,3,3,2,1,0,0,30.209445585215605,1826.0,64.0,150.0,generated.photos_v3_0009862_fake_3816
True,0.0,1,3,1,2,1,0,0,24.073921971252567,1827.0,60.0,164.0,generated.photos_v3_0010442_fake_1644
True,0.0,0,1,0,2,1,0,0,34.59822039698837,1827.0,70.0,174.0,generated.photos_v3_0006073_fake_4154
True,0.0,1,1,3,2,1,0,0,30.236824093086927,1826.0,64.0,187.0,generated.photos_v3_0015467_fake_400
True,0.0,1,3,3,0,1,0,0,31.15126625598905,1827.0,83.0,171.0,generated.photos_v3_0000630_fake_1290
True,0.0,0,2,3,0,1,0,0,22.119096509240247,1826.0,69.0,171.0,generated.photos_v3_0012976_fake_247
True,0.0,0,2,3,0,1,0,0,22.119096509240247,1826.0,69.0,171.0,generated.photos_v3_0012976_fake_3912
True,1.0,2,0,4,4,4,0,0,0.0,0.0,0.0,0.0,generated_fake_2_16
True,1.0,2,0,4,4,4,0,0,0.0,0.0,0.0,0.0,generated_fake_2_28
True,1.0,2,0,4,4,4,0,0,0.0,0.0,0.0,0.0,generated_fake_2_14
True,0.0,0,1,3,2,1,0,0,30.203969883641346,1826.0,62.0,172.0,generated.photos_v3_0004164_fake_2264
True,0.0,0,2,0,2,1,0,0,38.80082135523614,1826.0,75.0,129.0,generated.photos_v3_0007944_fake_5830
True,0.0,0,4,3,2,1,0,0,25.67282683093772,1826.0,74.0,142.0,generated.photos_v3_0012201_fake_4343
True,0.0,0,3,3,2,1,0,0,35.11841204654346,1826.0,66.0,152.0,generated.photos_v3_0016139_fake_1274
True,1.0,2,0,4,4,4,0,0,0.0,0.0,0.0,0.0,generated_fake_2_15
True,1.0,2,0,4,4,4,0,0,0.0,0.0,0.0,0.0,generated_fake_2_29
True,1.0,2,0,4,4,4,0,0,0.0,0.0,0.0,0.0,generated_fake_2_24
True,0.0,0,4,1,1,2,0,1,40.90622861054072,1826.0,82.0,186.0,generated.photos_v3_0011812_fake_222
True,1.0,2,0,4,4,4,0,0,0.0,0.0,0.0,0.0,generated_fake_2_30
True,1.0,2,0,4,4,4,0,0,0.0,0.0,0.0,0.0,generated_fake_2_18
True,0.0,0,4,2,1,1,0,0,36.58316221765914,1826.0,65.0,103.0,generated.photos_v3_0015078_fake_4329
True,0.0,0,1,1,2,1,0,1,26.220396988364133,1826.0,79.0,181.0,generated.photos_v3_0004219_fake_2932
True,0.0,1,1,3,0,1,0,0,25.998631074606436,1826.0,67.0,198.0,generated.photos_v3_0018393_fake_1638
True,0.0,1,3,0,2,1,0,0,32.80219028062971,1826.0,71.0,237.0,generated.photos_v3_0003357_fake_999
True,0.0,0,1,3,2,1,0,0,30.203969883641346,1826.0,62.0,172.0,generated.photos_v3_0004164_fake_2651
True,0.0,0,4,0,2,1,0,0,38.3025325119781,1826.0,70.0,132.0,generated.photos_v3_0003687_fake_2499
True,0.0,1,4,0,2,1,0,0,30.38740588637919,1826.0,91.0,168.0,generated.photos_v3_0016311_fake_5168
True,1.0,2,0,4,4,4,0,0,0.0,0.0,0.0,0.0,generated_fake_2_19
True,0.0,1,3,0,2,1,0,0,30.94866529774127,1827.0,68.0,149.0,generated.photos_v3_0017084_fake_805
True,1.0,2,0,4,4,4,0,0,0.0,0.0,0.0,0.0,generated_fake_2_31
True,1.0,2,0,4,4,4,0,0,0.0,0.0,0.0,0.0,generated_fake_2_25
True,1.0,2,0,4,4,4,0,0,0.0,0.0,0.0,0.0,generated_fake_2_33
True,1.0,2,0,4,4,4,0,0,0.0,0.0,0.0,0.0,generated_fake_2_27
True,0.0,1,4,3,2,1,0,0,33.80971937029432,1826.0,69.0,118.0,generated.photos_v3_0000170_fake_5129
True,0.0,0,4,2,2,1,0,0,56.435318275154,1827.0,82.0,122.0,generated.photos_v3_0016087_fake_5068
True,0.0,1,3,0,2,1,0,0,30.94866529774127,1827.0,68.0,149.0,generated.photos_v3_0017084_fake_5812
True,0.0,0,4,0,2,1,0,0,32.18069815195072,1826.0,69.0,109.0,generated.photos_v3_0013753_fake_1235
True,0.0,1,4,3,2,1,0,0,30.82819986310746,1826.0,60.0,167.0,generated.photos_v3_0012338_fake_1325
True,1.0,2,0,4,4,4,0,0,0.0,0.0,0.0,0.0,generated_fake_2_26
True,1.0,2,0,4,4,4,0,0,0.0,0.0,0.0,0.0,generated_fake_2_32
True,1.0,2,0,4,4,4,0,0,0.0,0.0,0.0,0.0,generated_fake_2_36
True,1.0,2,0,4,4,4,0,0,0.0,0.0,0.0,0.0,generated_fake_2_22
True,0.0,1,4,1,2,1,0,0,37.68377823408624,1826.0,60.0,157.0,generated.photos_v3_0003040_fake_5294
True,0.0,1,4,2,2,1,0,0,38.926762491444215,1826.0,61.0,152.0,generated.photos_v3_0007424_fake_4678
True,0.0,1,1,3,0,1,0,0,32.26830937713895,1826.0,66.0,182.0,generated.photos_v3_0013103_fake_54
True,0.0,0,1,3,2,1,0,0,30.2943189596167,1826.0,75.0,163.0,generated.photos_v3_0005821_fake_154
True,0.0,0,4,3,2,1,0,0,25.90280629705681,1827.0,91.0,196.0,generated.photos_v3_0003285_fake_470
True,0.0,0,1,3,2,1,0,0,27.824777549623544,1826.0,90.0,189.0,generated.photos_v3_0011742_fake_2969
True,1.0,2,0,4,4,4,0,0,0.0,0.0,0.0,0.0,generated_fake_2_23
True,0.0,0,3,2,2,1,0,0,29.57700205338809,1826.0,76.0,144.0,generated.photos_v3_0014397_fake_1357
True,1.0,2,0,4,4,4,0,0,0.0,0.0,0.0,0.0,generated_fake_2_37
True,1.0,2,0,4,4,4,0,0,0.0,0.0,0.0,0.0,generated_fake_2_21
True,1.0,2,0,4,4,4,0,0,0.0,0.0,0.0,0.0,generated_fake_2_35
True,0.0,0,4,3,2,1,0,0,25.90280629705681,1827.0,91.0,196.0,generated.photos_v3_0003285_fake_5964
True,0.0,0,3,0,2,1,0,0,31.318275154004105,1826.0,66.0,200.0,generated.photos_v3_0009764_fake_120
True,0.0,1,4,3,2,1,0,0,30.82819986310746,1826.0,60.0,167.0,generated.photos_v3_0012338_fake_3910
True,0.0,0,2,0,0,1,0,0,21.70294318959617,1826.0,75.0,128.0,generated.photos_v3_0016621_fake_3981
True,0.0,0,3,1,2,1,1,0,28.88980150581793,1826.0,64.0,101.0,generated.photos_v3_0009540_fake_2635
True,0.0,1,4,3,2,1,0,0,30.82819986310746,1826.0,60.0,167.0,generated.photos_v3_0012338_fake_5804
True,1.0,2,0,4,4,4,0,0,0.0,0.0,0.0,0.0,generated_fake_2_34
True,1.0,2,0,4,4,4,0,0,0.0,0.0,0.0,0.0,generated_fake_2_20
True,1.0,2,0,4,4,4,0,0,0.0,0.0,0.0,0.0,generated_fake_2_47
True,1.0,2,0,4,4,4,0,0,0.0,0.0,0.0,0.0,generated_fake_2_53
True,1.0,2,0,4,4,4,0,0,0.0,0.0,0.0,0.0,generated_fake_2_84
True,1.0,2,0,4,4,4,0,0,0.0,0.0,0.0,0.0,generated_fake_2_90
True,0.0,1,4,2,2,1,0,0,38.926762491444215,1826.0,61.0,152.0,generated.photos_v3_0007424_fake_2442
True,0.0,1,4,0,2,1,0,0,30.38740588637919,1826.0,91.0,168.0,generated.photos_v3_0016311_fake_3547
True,1.0,2,0,4,4,4,0,0,0.0,0.0,0.0,0.0,generated_fake_2_2
True,1.0,2,0,4,4,4,0,0,0.0,0.0,0.0,0.0,generated_fake_2_3
True,0.0,0,4,1,1,0,0,0,47.30732375085558,1826.0,67.0,165.0,generated.photos_v3_0010375_fake_5439
True,1.0,2,0,4,4,4,0,0,0.0,0.0,0.0,0.0,generated_fake_2_91
True,1.0,2,0,4,4,4,0,0,0.0,0.0,0.0,0.0,generated_fake_2_85
True,1.0,2,0,4,4,4,0,0,0.0,0.0,0.0,0.0,generated_fake_2_52
True,1.0,2,0,4,4,4,0,0,0.0,0.0,0.0,0.0,generated_fake_2_46
True,1.0,2,0,4,4,4,0,0,0.0,0.0,0.0,0.0,generated_fake_2_50
True,1.0,2,0,4,4,4,0,0,0.0,0.0,0.0,0.0,generated_fake_2_44
True,1.0,2,0,4,4,4,0,0,0.0,0.0,0.0,0.0,generated_fake_2_78
True,1.0,2,0,4,4,4,0,0,0.0,0.0,0.0,0.0,generated_fake_2_93
True,1.0,2,0,4,4,4,0,0,0.0,0.0,0.0,0.0,generated_fake_2_87
True,0.0,0,4,1,1,2,0,1,40.90622861054072,1826.0,82.0,186.0,generated.photos_v3_0011812_fake_4698
True,0.0,0,4,0,2,1,0,0,38.3025325119781,1826.0,70.0,132.0,generated.photos_v3_0003687_fake_1456
True,0.0,0,1,0,2,1,0,0,21.65639972621492,1827.0,61.0,195.0,generated.photos_v3_0005944_fake_2801
True,1.0,2,0,4,4,4,0,0,0.0,0.0,0.0,0.0,generated_fake_2_1
True,0.0,1,3,2,2,1,1,0,34.11635865845312,1826.0,66.0,219.0,generated.photos_v3_0006207_fake_3844
True,0.0,1,4,2,2,1,0,0,27.964407939767284,1826.0,86.0,114.0,generated.photos_v3_0004023_fake_4095
True,1.0,2,0,4,4,4,0,0,0.0,0.0,0.0,0.0,generated_fake_2_0
True,0.0,0,2,0,0,1,0,0,21.70294318959617,1826.0,75.0,128.0,generated.photos_v3_0016621_fake_1062
True,1.0,2,0,4,4,4,0,0,0.0,0.0,0.0,0.0,generated_fake_2_86
True,1.0,2,0,4,4,4,0,0,0.0,0.0,0.0,0.0,generated_fake_2_92
True,1.0,2,0,4,4,4,0,0,0.0,0.0,0.0,0.0,generated_fake_2_79
True,1.0,2,0,4,4,4,0,0,0.0,0.0,0.0,0.0,generated_fake_2_45
True,0.0,0,1,0,2,1,0,0,28.268309377138944,1826.0,64.0,152.0,generated.photos_v3_0007125_fake_5503
True,1.0,2,0,4,4,4,0,0,0.0,0.0,0.0,0.0,generated_fake_2_51
True,1.0,2,0,4,4,4,0,0,0.0,0.0,0.0,0.0,generated_fake_2_69
True,0.0,1,1,2,2,1,0,0,23.392197125256672,1826.0,95.0,188.0,generated.photos_v3_0005252_fake_4223
True,1.0,2,0,4,4,4,0,0,0.0,0.0,0.0,0.0,generated_fake_2_55
True,0.0,0,4,0,2,2,0,0,36.375085557837096,1826.0,61.0,113.0,generated.photos_v3_0002720_fake_1423
True,1.0,2,0,4,4,4,0,0,0.0,0.0,0.0,0.0,generated_fake_2_41
True,1.0,2,0,4,4,4,0,0,0.0,0.0,0.0,0.0,generated_fake_2_96
True,1.0,2,0,4,4,4,0,0,0.0,0.0,0.0,0.0,generated_fake_2_82
True,0.0,1,3,0,2,1,0,0,23.67693360711841,1826.0,63.0,167.0,generated.photos_v3_0012412_fake_1596
True,0.0,0,4,0,2,1,0,0,38.3025325119781,1826.0,70.0,132.0,generated.photos_v3_0003687_fake_1321
True,0.0,1,3,0,2,1,0,0,23.67693360711841,1826.0,63.0,167.0,generated.photos_v3_0012412_fake_5055
True,1.0,2,0,4,4,4,0,0,0.0,0.0,0.0,0.0,generated_fake_2_4
True,0.0,0,3,2,2,1,0,0,33.40177960301163,1826.0,73.0,193.0,generated.photos_v3_0015426_fake_1048
True,1.0,2,0,4,4,4,0,0,0.0,0.0,0.0,0.0,generated_fake_2_5
True,0.0,0,1,0,0,1,0,0,28.257357973990416,1827.0,72.0,151.0,generated.photos_v3_0009638_fake_738
True,0.0,1,4,1,2,1,0,0,37.68377823408624,1826.0,60.0,157.0,generated.photos_v3_0003040_fake_3056
True,1.0,2,0,4,4,4,0,0,0.0,0.0,0.0,0.0,generated_fake_2_83
True,1.0,2,0,4,4,4,0,0,0.0,0.0,0.0,0.0,generated_fake_2_97
True,0.0,0,1,0,2,1,0,0,28.399726214921287,1826.0,69.0,193.0,generated.photos_v3_0003317_fake_1249
True,1.0,2,0,4,4,4,0,0,0.0,0.0,0.0,0.0,generated_fake_2_40
True,1.0,2,0,4,4,4,0,0,0.0,0.0,0.0,0.0,generated_fake_2_54
True,0.0,0,4,3,2,1,0,0,25.90280629705681,1827.0,91.0,196.0,generated.photos_v3_0003285_fake_1975
True,1.0,2,0,4,4,4,0,0,0.0,0.0,0.0,0.0,generated_fake_2_68
True,1.0,2,0,4,4,4,0,0,0.0,0.0,0.0,0.0,generated_fake_2_42
True,1.0,2,0,4,4,4,0,0,0.0,0.0,0.0,0.0,generated_fake_2_56
True,1.0,2,0,4,4,4,0,0,0.0,0.0,0.0,0.0,generated_fake_2_81
True,0.0,1,1,3,0,1,0,0,25.998631074606436,1826.0,67.0,198.0,generated.photos_v3_0018393_fake_561
True,1.0,2,0,4,4,4,0,0,0.0,0.0,0.0,0.0,generated_fake_2_95
True,0.0,0,1,3,2,1,0,0,30.203969883641346,1826.0,62.0,172.0,generated.photos_v3_0004164_fake_4694
True,1.0,2,0,4,4,4,0,0,0.0,0.0,0.0,0.0,generated_fake_2_7
True,0.0,0,4,0,2,2,0,0,36.375085557837096,1826.0,61.0,113.0,generated.photos_v3_0002720_fake_3380
True,0.0,1,4,1,2,1,0,0,28.969199178644764,1826.0,62.0,220.0,generated.photos_v3_0018663_fake_948
True,1.0,2,0,4,4,4,0,0,0.0,0.0,0.0,0.0,generated_fake_2_6
True,0.0,0,3,1,2,1,1,0,28.88980150581793,1826.0,64.0,101.0,generated.photos_v3_0009540_fake_2642
True,0.0,0,1,0,0,1,0,0,28.257357973990416,1827.0,72.0,151.0,generated.photos_v3_0009638_fake_2734
True,0.0,0,4,3,2,1,0,0,25.90280629705681,1827.0,91.0,196.0,generated.photos_v3_0003285_fake_2066
True,1.0,2,0,4,4,4,0,0,0.0,0.0,0.0,0.0,generated_fake_2_94
True,1.0,2,0,4,4,4,0,0,0.0,0.0,0.0,0.0,generated_fake_2_80
True,1.0,2,0,4,4,4,0,0,0.0,0.0,0.0,0.0,generated_fake_2_57
True,1.0,2,0,4,4,4,0,0,0.0,0.0,0.0,0.0,generated_fake_2_43
False,2.0,1,4,1,2,1,0,0,31.34017796030116,1826.0,70.0,142.0,generated.photos_v3_0081593
False,2.0,0,3,3,2,1,0,0,29.71937029431896,1826.0,63.0,196.0,generated.photos_v3_0054386
False,2.0,0,2,3,0,1,0,0,31.540041067761805,1826.0,77.0,158.0,generated.photos_v3_0059996_0728435_0596177
False,2.0,0,3,2,2,1,0,0,26.570841889117045,1826.0,66.0,195.0,generated.photos_v3_0093154
False,2.0,1,2,2,2,1,0,0,21.71937029431896,1827.0,62.0,211.0,generated.photos_v3_0039817
False,2.0,1,2,2,2,1,0,0,23.477070499657767,1826.0,85.0,218.0,generated.photos_v3_0069833_0379607_0739132
False,2.0,1,4,3,2,1,0,0,30.82819986310746,1826.0,60.0,167.0,generated.photos_v3_0012338
False,2.0,0,1,1,2,1,0,0,27.34839151266256,1827.0,61.0,109.0,generated.photos_v3_0096038
False,2.0,0,4,1,2,1,0,0,25.32511978097194,1826.0,70.0,160.0,generated.photos_v3_0078446
False,2.0,0,1,2,0,1,1,0,25.00752908966461,1826.0,95.0,173.0,generated.photos_v3_0022323_0464159_0410350
False,2.0,0,3,2,2,1,0,0,31.156741957563312,1826.0,67.0,198.0,generated.photos_v3_0046219
False,2.0,1,4,1,2,1,0,0,41.412731006160165,1826.0,65.0,137.0,generated.photos_v3_0068696
False,2.0,0,1,2,2,1,0,1,24.295687885010267,1827.0,82.0,176.0,generated.photos_v3_0051981
False,2.0,1,4,0,2,1,0,0,34.86652977412731,1827.0,80.0,237.0,generated.photos_v3_0012112
False,2.0,1,2,1,0,1,0,0,23.90965092402464,1826.0,64.0,161.0,generated.photos_v3_0056988
False,2.0,0,2,3,2,1,0,0,29.61806981519507,1826.0,94.0,191.0,generated.photos_v3_0026783_0633995_0825346
False,2.0,1,3,1,0,1,1,0,32.26557152635181,1826.0,79.0,110.0,generated.photos_v3_0062230
False,2.0,1,3,0,2,1,0,0,25.72758384668036,1827.0,95.0,244.0,generated.photos_v3_0015721
False,2.0,0,3,0,2,1,0,1,34.13826146475017,1826.0,62.0,186.0,generated.photos_v3_0047729
False,2.0,1,1,0,2,1,0,0,26.07529089664613,1826.0,71.0,128.0,generated.photos_v3_0109863
False,2.0,1,4,1,2,1,0,0,33.85352498288843,1826.0,65.0,122.0,generated.photos_v3_0035618
False,2.0,0,3,1,0,1,0,0,23.345653661875428,1827.0,64.0,114.0,generated.photos_v3_0026102
False,2.0,1,4,1,2,1,0,1,28.12594113620808,1827.0,70.0,134.0,generated.photos_v3_0032605
False,2.0,0,2,1,0,1,0,1,31.871321013004792,1826.0,70.0,110.0,generated.photos_v3_0058749_0041322_0744423
False,2.0,0,1,1,2,1,0,0,31.750855578370977,1827.0,82.0,137.0,generated.photos_v3_0032188
False,2.0,1,2,3,0,1,0,0,29.05954825462012,1827.0,79.0,142.0,generated.photos_v3_0047729_0931598_0857959
False,2.0,0,4,2,2,2,0,0,35.134839151266256,1826.0,68.0,104.0,generated.photos_v3_0102710
False,2.0,1,2,1,0,1,0,0,28.78576317590691,1826.0,70.0,249.0,generated.photos_v3_0086523_0365732_0940276
False,2.0,0,4,3,2,2,1,0,30.666666666666668,1826.0,95.0,145.0,generated.photos_v3_0110314
False,2.0,1,2,1,2,1,0,0,35.02532511978097,1827.0,71.0,205.0,generated.photos_v3_0085040_0975120_0992722
False,2.0,0,3,2,2,1,0,0,26.54346338124572,1826.0,82.0,186.0,generated.photos_v3_0087726
False,2.0,0,3,1,2,1,0,0,29.045859000684462,1826.0,69.0,160.0,generated.photos_v3_0033283
False,2.0,0,3,0,2,1,0,0,22.93223819301848,1827.0,88.0,196.0,generated.photos_v3_0082138
False,2.0,0,3,3,2,1,0,0,30.209445585215605,1826.0,64.0,150.0,generated.photos_v3_0009862
False,2.0,1,4,1,2,1,0,0,29.828884325804243,1827.0,80.0,153.0,generated.photos_v3_0066094
False,2.0,1,1,3,0,1,0,0,24.00273785078713,1826.0,92.0,110.0,generated.photos_v3_0096415
False,2.0,0,2,3,0,1,0,0,26.71047227926078,1826.0,61.0,144.0,generated.photos_v3_0059996_0728435_0939903
False,2.0,0,4,3,2,0,0,0,33.45927446954141,1826.0,95.0,109.0,generated.photos_v3_0093237
False,2.0,0,1,2,2,1,0,0,29.71663244353183,1827.0,89.0,132.0,generated.photos_v3_0103624
False,2.0,1,2,1,0,1,1,0,23.537303216974674,1826.0,78.0,156.0,generated.photos_v3_0075573_0131493_0001510
False,2.0,0,2,3,2,1,0,1,31.06091718001369,1826.0,62.0,145.0,generated.photos_v3_0059996_0728435_0499655
False,2.0,0,3,2,2,1,0,0,33.24572210814511,1826.0,89.0,109.0,generated.photos_v3_0104765
False,2.0,0,4,2,2,1,0,0,24.88432580424367,1826.0,75.0,137.0,generated.photos_v3_0082266
False,2.0,0,1,2,2,1,0,0,23.55373032169747,1827.0,67.0,142.0,generated.photos_v3_0107250
False,2.0,0,2,3,0,1,0,0,31.616700889801507,1827.0,76.0,115.0,generated.photos_v3_0021726_0081156_0970438
False,2.0,1,3,0,0,1,0,1,33.70294318959617,1826.0,78.0,187.0,generated.photos_v3_0111624
False,2.0,0,1,0,2,1,0,0,23.025325119780973,1826.0,90.0,146.0,generated.photos_v3_0024112
False,2.0,0,1,1,0,1,0,0,21.418206707734427,1826.0,69.0,185.0,generated.photos_v3_0055927
False,2.0,0,4,0,1,1,0,0,32.92539356605065,1826.0,66.0,175.0,generated.photos_v3_0035023
False,2.0,0,4,0,1,2,0,0,22.23134839151266,1826.0,60.0,188.0,generated.photos_v3_0112488
False,2.0,0,1,0,0,1,0,0,31.34017796030116,1826.0,71.0,178.0,generated.photos_v3_0046967
False,2.0,1,4,3,2,3,0,0,37.79329226557152,1826.0,70.0,174.0,generated.photos_v3_0075411
False,2.0,0,2,1,2,1,0,0,33.08966461327858,1827.0,62.0,170.0,generated.photos_v3_0059996_0728435_0488376
False,2.0,0,1,1,2,1,1,0,25.924709103353862,1826.0,64.0,121.0,generated.photos_v3_0039169
False,2.0,0,2,1,2,1,0,0,29.078713210130047,1826.0,75.0,127.0,generated.photos_v3_0047729_0931598_0884479
False,2.0,0,1,2,0,1,0,0,27.227926078028748,1827.0,64.0,145.0,generated.photos_v3_0063529
False,2.0,1,2,2,2,1,0,0,29.541409993155373,1826.0,65.0,103.0,generated.photos_v3_0047729_0931598_0055648
False,2.0,1,2,0,2,1,0,1,29.49760438056126,1827.0,85.0,211.0,generated.photos_v3_0108166_0459351_0399613
False,2.0,0,4,3,2,3,0,0,30.3709787816564,1826.0,84.0,103.0,generated.photos_v3_0014038
False,2.0,1,1,3,0,1,0,1,25.29226557152635,1827.0,69.0,186.0,generated.photos_v3_0086943
False,2.0,0,2,2,2,1,0,1,36.71457905544148,1826.0,70.0,182.0,generated.photos_v3_0072572_0465277_0983383
False,2.0,0,4,2,2,1,0,0,26.72689938398357,1826.0,65.0,185.0,generated.photos_v3_0069574
False,2.0,1,2,3,0,1,0,0,27.822039698836413,1827.0,70.0,180.0,generated.photos_v3_0036299_0667120_0783213
False,2.0,0,2,0,2,1,0,0,32.68993839835729,1827.0,66.0,121.0,generated.photos_v3_0021726_0081156_0555596
False,2.0,0,2,2,2,1,0,0,34.61190965092403,1826.0,61.0,199.0,generated.photos_v3_0108166_0459351_0740187
False,2.0,1,3,0,0,1,0,0,23.54277891854894,1827.0,84.0,122.0,generated.photos_v3_0006158
False,2.0,1,1,0,2,1,0,1,27.808350444900757,1826.0,90.0,181.0,generated.photos_v3_0060593
False,2.0,1,3,2,2,1,0,0,26.746064339493497,1826.0,83.0,225.0,generated.photos_v3_0044357
False,2.0,0,3,0,2,1,0,0,32.8952772073922,1827.0,77.0,125.0,generated.photos_v3_0037540
False,2.0,0,3,3,2,1,0,0,32.59411362080767,1826.0,87.0,199.0,generated.photos_v3_0015905
False,2.0,1,1,2,2,1,0,0,37.90828199863108,1826.0,64.0,243.0,generated.photos_v3_0103632
False,2.0,1,2,0,2,1,0,0,22.60643394934976,1826.0,63.0,177.0,generated.photos_v3_0069833_0379607_0497716
False,2.0,0,2,1,2,1,0,0,25.49760438056126,1826.0,70.0,121.0,generated.photos_v3_0031482_0683247_0461490
False,2.0,0,4,2,1,1,0,0,36.58316221765914,1826.0,65.0,103.0,generated.photos_v3_0015078
False,2.0,1,4,1,2,1,0,0,30.403832991101982,1826.0,64.0,109.0,generated.photos_v3_0094572
False,2.0,1,3,0,0,1,0,0,32.427104722792606,1827.0,89.0,199.0,generated.photos_v3_0061935
False,2.0,0,2,3,2,1,0,0,35.81108829568789,1827.0,70.0,189.0,generated.photos_v3_0072572_0465277_0286005
False,2.0,0,4,2,2,1,0,0,27.76728268309377,1827.0,62.0,137.0,generated.photos_v3_0019497
False,2.0,1,2,0,0,1,0,0,28.060232717316907,1827.0,65.0,231.0,generated.photos_v3_0094980
False,2.0,0,1,0,2,1,1,0,20.78028747433265,1826.0,62.0,180.0,generated.photos_v3_0054568
False,2.0,1,4,3,2,1,0,0,39.52361396303901,1827.0,71.0,205.0,generated.photos_v3_0091152
False,2.0,1,2,3,0,1,0,0,25.404517453798768,1827.0,64.0,146.0,generated.photos_v3_0075573_0131493_0354030
False,2.0,0,1,2,2,1,0,0,24.76386036960985,1826.0,82.0,132.0,generated.photos_v3_0043028
False,2.0,0,2,1,0,1,0,0,30.97056810403833,1827.0,64.0,174.0,generated.photos_v3_0058749_0041322_0638058
False,2.0,0,1,3,2,1,0,0,33.034907597535934,1826.0,94.0,101.0,generated.photos_v3_0056425
False,2.0,1,3,2,2,1,1,0,34.11635865845312,1826.0,66.0,219.0,generated.photos_v3_0006207
False,2.0,0,3,3,0,1,0,0,25.67282683093772,1827.0,66.0,163.0,generated.photos_v3_0054541
False,2.0,1,3,0,2,1,0,0,32.80219028062971,1826.0,71.0,237.0,generated.photos_v3_0003357
False,2.0,1,3,0,2,1,0,0,36.05201916495551,1826.0,65.0,173.0,generated.photos_v3_0103431
False,2.0,0,1,0,2,1,0,0,28.268309377138944,1826.0,64.0,152.0,generated.photos_v3_0007125
False,2.0,0,4,2,2,1,0,0,41.34428473648186,1826.0,88.0,187.0,generated.photos_v3_0081354
False,2.0,0,2,2,2,1,0,0,28.05475701574264,1827.0,89.0,116.0,generated.photos_v3_0079389_0652990_0192846
False,2.0,0,2,2,2,1,0,0,30.88021902806297,1826.0,77.0,119.0,generated.photos_v3_0059996_0728435_0110939
False,2.0,1,4,1,2,1,0,0,33.76865160848734,1827.0,68.0,104.0,generated.photos_v3_0093977
False,2.0,1,2,0,0,1,1,0,25.144421629021217,1826.0,75.0,133.0,generated.photos_v3_0002511
False,2.0,0,1,3,2,1,1,0,26.77891854893908,1827.0,60.0,119.0,generated.photos_v3_0036105
False,2.0,0,3,1,2,1,1,0,29.861738535249827,1826.0,61.0,168.0,generated.photos_v3_0021451
False,2.0,1,1,2,2,1,0,0,21.062286105407257,1827.0,65.0,185.0,generated.photos_v3_0020997
False,2.0,1,1,3,2,1,0,0,26.548939082819988,1826.0,61.0,228.0,generated.photos_v3_0071514
False,2.0,1,4,3,0,1,0,0,27.772758384668037,1826.0,67.0,208.0,generated.photos_v3_0095686
False,2.0,1,3,2,0,1,0,0,24.27652292950034,1826.0,62.0,115.0,generated.photos_v3_0000500
False,2.0,0,4,2,2,2,0,0,44.28747433264887,1826.0,88.0,101.0,generated.photos_v3_0030400
False,2.0,1,3,3,0,1,0,0,33.52224503764545,1827.0,69.0,161.0,generated.photos_v3_0077011
False,2.0,0,1,1,2,1,0,0,20.476386036960985,1826.0,65.0,161.0,generated.photos_v3_0069549
False,2.0,1,3,3,2,1,0,0,21.21560574948665,1827.0,65.0,108.0,generated.photos_v3_0080116
False,2.0,0,1,1,2,1,0,0,28.851471594798085,1826.0,62.0,157.0,generated.photos_v3_0090463
False,2.0,0,2,1,2,1,0,0,36.50924024640657,1826.0,64.0,160.0,generated.photos_v3_0062385_0820174_0495886
False,2.0,0,3,0,0,1,0,0,31.17864476386037,1826.0,62.0,121.0,generated.photos_v3_0014993
False,2.0,0,1,1,2,1,0,0,37.52224503764545,1826.0,60.0,100.0,generated.photos_v3_0043175
False,2.0,0,4,3,1,1,0,0,56.76933607118412,1826.0,62.0,166.0,generated.photos_v3_0038538
False,2.0,1,4,2,2,1,0,0,24.03832991101985,1826.0,66.0,162.0,generated.photos_v3_0038276
False,2.0,1,4,3,2,1,0,0,40.65434633812457,1826.0,64.0,118.0,generated.photos_v3_0043808
False,2.0,1,1,2,2,1,0,0,24.32032854209445,1826.0,82.0,108.0,generated.photos_v3_0026702
False,2.0,0,1,1,2,1,0,0,30.699520876112253,1826.0,61.0,123.0,generated.photos_v3_0056583
False,2.0,0,3,0,0,1,0,0,26.04791238877481,1826.0,65.0,115.0,generated.photos_v3_0068479
False,2.0,1,2,3,2,1,0,0,29.481177275838466,1826.0,68.0,232.0,generated.photos_v3_0095292
False,2.0,1,3,1,2,1,0,0,40.60780287474333,1826.0,64.0,217.0,generated.photos_v3_0017285
False,2.0,0,4,1,2,1,0,1,23.802874743326488,1826.0,74.0,130.0,generated.photos_v3_0080674
False,2.0,0,2,0,0,1,0,0,31.1211498973306,1827.0,73.0,150.0,generated.photos_v3_0031482_0683247_0546412
False,2.0,0,3,1,2,1,0,0,27.838466803559207,1826.0,83.0,110.0,generated.photos_v3_0087127
False,2.0,0,3,0,2,1,0,0,29.5523613963039,1826.0,71.0,127.0,generated.photos_v3_0059883
False,2.0,1,1,1,2,1,0,0,22.869267624914443,1826.0,90.0,168.0,generated.photos_v3_0008825
False,2.0,1,3,2,0,1,0,0,31.43600273785079,1826.0,71.0,147.0,generated.photos_v3_0038064
False,2.0,0,2,1,2,1,0,0,28.933607118412045,1827.0,95.0,103.0,generated.photos_v3_0079389_0652990_0410903
False,2.0,1,2,1,0,1,0,1,27.655030800821358,1827.0,64.0,109.0,generated.photos_v3_0047698_0440445_0828283
False,2.0,1,2,1,2,1,0,0,33.086926762491444,1827.0,65.0,247.0,generated.photos_v3_0050284
False,2.0,1,4,2,1,2,0,1,24.54483230663929,1826.0,82.0,246.0,generated.photos_v3_0083976
False,2.0,1,3,2,0,1,0,0,26.746064339493497,1826.0,70.0,169.0,generated.photos_v3_0079158
False,2.0,1,2,3,0,1,0,0,25.68651608487337,1826.0,94.0,122.0,generated.photos_v3_0069564_0461624_0258137
False,2.0,0,1,3,2,1,0,0,30.203969883641346,1826.0,62.0,172.0,generated.photos_v3_0004164
False,2.0,0,4,0,2,2,0,0,32.747433264887064,1826.0,65.0,185.0,generated.photos_v3_0041410
False,2.0,0,2,0,0,1,0,0,31.4031485284052,1827.0,72.0,184.0,generated.photos_v3_0058749_0041322_0241225
False,2.0,1,1,2,2,1,0,0,23.392197125256672,1826.0,95.0,188.0,generated.photos_v3_0005252
False,2.0,1,4,1,2,1,0,0,29.78781656399726,1827.0,68.0,218.0,generated.photos_v3_0021119
False,2.0,0,4,0,1,0,0,0,33.27310061601643,1827.0,70.0,120.0,generated.photos_v3_0064479
False,2.0,1,2,1,2,1,0,0,29.415468856947296,1827.0,85.0,205.0,generated.photos_v3_0108166_0995943_0128642
False,2.0,1,3,1,0,1,1,0,22.21218343600274,1826.0,93.0,165.0,generated.photos_v3_0071909
False,2.0,1,3,2,0,1,1,0,28.711841204654345,1827.0,80.0,204.0,generated.photos_v3_0048144
False,2.0,0,2,1,0,1,0,0,26.023271731690624,1826.0,67.0,172.0,generated.photos_v3_0098757_0129901_0714296
False,2.0,1,3,3,0,1,0,0,27.964407939767284,1826.0,85.0,162.0,generated.photos_v3_0082658
False,2.0,0,3,1,2,1,0,0,33.24024640657084,1826.0,74.0,159.0,generated.photos_v3_0050078
False,2.0,0,1,3,2,1,0,0,27.824777549623544,1826.0,90.0,189.0,generated.photos_v3_0011742
False,2.0,1,4,0,2,1,0,1,28.73100616016427,1826.0,71.0,135.0,generated.photos_v3_0047538
False,2.0,0,2,0,2,1,0,0,37.90828199863108,1826.0,72.0,180.0,generated.photos_v3_0085040_0975120_0785655
False,2.0,1,4,3,2,1,0,1,39.43052703627652,1826.0,61.0,106.0,generated.photos_v3_0028666
False,2.0,1,4,3,3,1,0,0,56.39698836413415,1826.0,69.0,242.0,generated.photos_v3_0045677
False,2.0,0,2,3,2,1,0,0,31.184120465434635,1827.0,64.0,123.0,generated.photos_v3_0032799_0851917_0379736
False,2.0,0,3,1,0,1,0,0,36.139630390143736,1826.0,80.0,129.0,generated.photos_v3_0078533_0060902_0351293
False,2.0,1,2,2,2,1,0,0,35.51813826146475,1826.0,60.0,185.0,generated.photos_v3_0100245_0367319_0946759
False,2.0,0,4,0,2,0,0,0,36.79671457905544,1826.0,66.0,144.0,generated.photos_v3_0097123
False,2.0,0,1,2,2,1,0,0,22.069815195071868,1826.0,63.0,166.0,generated.photos_v3_0051986
False,2.0,1,1,2,2,1,0,0,24.77207392197125,1826.0,62.0,184.0,generated.photos_v3_0048569
False,2.0,1,3,1,2,1,0,0,32.82135523613963,1826.0,65.0,203.0,generated.photos_v3_0078455
False,2.0,1,2,2,2,1,0,0,23.797399041752225,1826.0,68.0,117.0,generated.photos_v3_0067100_0897354_0146641
False,2.0,0,3,1,0,1,0,0,30.360027378507876,1826.0,90.0,111.0,generated.photos_v3_0041296_0711823_0266740
False,2.0,0,4,2,1,3,0,1,31.854893908282,1826.0,81.0,196.0,generated.photos_v3_0050118
False,2.0,0,4,0,2,1,0,0,32.18069815195072,1826.0,69.0,109.0,generated.photos_v3_0013753
False,2.0,1,4,2,2,1,1,0,27.627652292950035,1827.0,61.0,199.0,generated.photos_v3_0028909
False,2.0,0,1,0,0,1,0,0,25.44558521560575,1826.0,64.0,157.0,generated.photos_v3_0014028
False,2.0,0,2,0,0,1,0,0,32.648870636550306,1826.0,70.0,121.0,generated.photos_v3_0021726_0081156_0095964
False,2.0,1,1,1,2,1,0,0,35.383983572895275,1826.0,81.0,161.0,generated.photos_v3_0091778
False,2.0,0,4,0,2,2,0,0,23.42778918548939,1826.0,74.0,183.0,generated.photos_v3_0084413
False,2.0,0,2,3,0,1,0,0,31.364818617385357,1826.0,66.0,147.0,generated.photos_v3_0032799_0851917_0042491
False,2.0,0,1,2,2,1,0,0,27.351129363449694,1826.0,85.0,166.0,generated.photos_v3_0011839
False,2.0,0,1,2,0,1,0,0,22.23134839151266,1826.0,70.0,159.0,generated.photos_v3_0028074
False,2.0,1,4,2,2,1,0,0,29.631759069130734,1826.0,76.0,225.0,generated.photos_v3_0032004
False,2.0,0,4,3,1,0,0,0,33.95756331279945,1826.0,88.0,122.0,generated.photos_v3_0052096
False,2.0,0,3,0,2,1,0,0,24.577686516084874,1826.0,69.0,196.0,generated.photos_v3_0028048
False,2.0,1,4,0,0,1,0,0,37.45653661875428,1826.0,62.0,248.0,generated.photos_v3_0084377
False,2.0,0,3,3,0,1,0,0,25.492128678986997,1826.0,83.0,114.0,generated.photos_v3_0041003
False,2.0,1,3,0,0,1,0,0,27.364818617385357,1826.0,85.0,155.0,generated.photos_v3_0070037
False,2.0,1,1,3,2,1,0,0,25.793292265571527,1826.0,67.0,123.0,generated.photos_v3_0026517
False,2.0,1,3,3,2,1,0,0,25.82614647501711,1826.0,69.0,129.0,generated.photos_v3_0103797
False,2.0,1,3,0,2,1,0,0,30.94866529774127,1827.0,68.0,149.0,generated.photos_v3_0017084
False,2.0,0,4,1,1,1,0,0,32.62149212867899,1826.0,95.0,156.0,generated.photos_v3_0104013
False,2.0,1,1,0,0,1,0,0,26.132785763175907,1826.0,76.0,244.0,generated.photos_v3_0015122
False,2.0,1,3,3,0,1,0,0,37.93839835728953,1826.0,60.0,190.0,generated.photos_v3_0042873
False,2.0,0,3,1,2,1,0,0,27.43874058863792,1826.0,70.0,100.0,generated.photos_v3_0073462
False,2.0,1,1,1,0,1,1,0,27.52908966461328,1826.0,63.0,215.0,generated.photos_v3_0044557
False,2.0,1,4,0,1,1,1,0,57.973990417522245,1827.0,68.0,112.0,generated.photos_v3_0045113
False,2.0,1,4,3,2,1,0,0,29.182751540041068,1826.0,61.0,246.0,generated.photos_v3_0023043
False,2.0,1,4,2,2,0,0,0,46.012320328542096,1826.0,61.0,172.0,generated.photos_v3_0048190
False,2.0,1,3,1,0,1,0,0,32.01368925393566,1827.0,69.0,103.0,generated.photos_v3_0109899
False,2.0,0,4,1,2,1,0,0,31.928815879534564,1827.0,87.0,146.0,generated.photos_v3_0052889
False,2.0,1,1,1,2,1,0,0,26.13552361396304,1826.0,74.0,200.0,generated.photos_v3_0046624
False,2.0,0,1,2,2,1,0,0,20.32306639288159,1826.0,77.0,189.0,generated.photos_v3_0004416
False,2.0,0,2,1,2,1,1,1,36.39151266255989,1826.0,65.0,116.0,generated.photos_v3_0072572_0465277_0798746
False,2.0,1,3,1,0,1,0,0,40.76933607118412,1826.0,93.0,103.0,generated.photos_v3_0012512
False,2.0,1,3,3,0,1,0,0,34.79534565366188,1826.0,70.0,104.0,generated.photos_v3_0084216
False,2.0,1,4,3,2,1,0,0,35.79192334017796,1827.0,65.0,245.0,generated.photos_v3_0100116
False,2.0,1,3,3,0,1,0,0,25.81245722108145,1826.0,71.0,109.0,generated.photos_v3_0095482
False,2.0,0,1,1,0,1,0,0,24.22724161533197,1826.0,67.0,200.0,generated.photos_v3_0061265
False,2.0,1,4,3,2,1,0,0,34.32991101984942,1826.0,74.0,224.0,generated.photos_v3_0079416
False,2.0,0,3,0,2,1,0,0,31.381245722108144,1827.0,74.0,174.0,generated.photos_v3_0055301
False,2.0,0,3,1,2,1,0,0,31.644079397672822,1826.0,67.0,157.0,generated.photos_v3_0100328
False,2.0,0,1,1,2,1,1,0,31.95071868583162,1827.0,84.0,100.0,generated.photos_v3_0066907
False,2.0,0,1,1,2,1,0,0,32.139630390143736,1826.0,70.0,134.0,generated.photos_v3_0010107
False,2.0,0,3,3,2,1,1,1,33.48665297741273,1826.0,71.0,161.0,generated.photos_v3_0080272
False,2.0,0,2,2,2,1,0,0,36.85694729637235,1826.0,84.0,180.0,generated.photos_v3_0059996_0728435_0988303
False,2.0,0,2,0,2,1,0,0,42.23956194387406,1826.0,73.0,166.0,generated.photos_v3_0072572_0465277_0881342
False,2.0,0,1,1,2,1,0,0,30.086242299794662,1826.0,74.0,113.0,generated.photos_v3_0101787
False,2.0,1,3,0,2,1,0,0,31.88227241615332,1827.0,61.0,174.0,generated.photos_v3_0067364
False,2.0,0,3,1,2,1,0,0,28.520191649555095,1826.0,81.0,171.0,generated.photos_v3_0076533
False,2.0,0,3,1,2,1,1,0,35.17043121149897,1826.0,71.0,155.0,generated.photos_v3_0034066
False,2.0,1,3,3,0,1,0,0,32.19712525667351,1827.0,88.0,198.0,generated.photos_v3_0088000
False,2.0,0,1,1,2,1,0,0,25.987679671457904,1826.0,81.0,118.0,generated.photos_v3_0084612
False,2.0,0,1,2,2,1,1,0,21.30321697467488,1827.0,71.0,124.0,generated.photos_v3_0058779
False,2.0,1,4,3,2,1,0,0,31.482546201232037,1826.0,60.0,101.0,generated.photos_v3_0063937
False,2.0,0,4,0,2,2,0,0,35.93429158110883,1826.0,73.0,122.0,generated.photos_v3_0106177
False,2.0,0,2,2,2,1,1,0,26.7378507871321,1827.0,65.0,107.0,generated.photos_v3_0079389_0652990_0665473
False,2.0,0,3,1,2,1,0,0,30.28884325804244,1826.0,71.0,108.0,generated.photos_v3_0038066
False,2.0,0,3,1,0,1,0,0,30.119096509240247,1826.0,62.0,160.0,generated.photos_v3_0058235
False,2.0,1,1,3,2,1,0,0,29.22655715263518,1826.0,64.0,148.0,generated.photos_v3_0043601
False,2.0,1,3,0,0,1,0,0,49.96577686516085,1826.0,68.0,159.0,generated.photos_v3_0092266
False,2.0,0,3,2,2,1,0,0,30.746064339493497,1826.0,86.0,168.0,generated.photos_v3_0027344
False,2.0,0,1,1,2,1,0,0,28.09308692676249,1826.0,75.0,128.0,generated.photos_v3_0064269
False,2.0,1,1,0,0,1,0,0,21.256673511293634,1826.0,94.0,246.0,generated.photos_v3_0067012
False,2.0,0,4,2,2,1,1,0,38.7378507871321,1826.0,61.0,123.0,generated.photos_v3_0081597
False,2.0,0,4,1,1,2,0,1,40.90622861054072,1826.0,82.0,186.0,generated.photos_v3_0011812
False,2.0,0,3,1,2,1,0,0,32.79123887748118,1827.0,77.0,125.0,generated.photos_v3_0072351
False,2.0,0,3,3,0,1,0,0,26.56810403832991,1826.0,66.0,148.0,generated.photos_v3_0076150
False,2.0,1,4,0,0,1,0,0,30.143737166324435,1826.0,71.0,219.0,generated.photos_v3_0098937
False,2.0,1,3,1,0,1,0,0,36.96646132785763,1826.0,62.0,191.0,generated.photos_v3_0046078
False,2.0,1,1,1,0,1,0,0,25.45653661875428,1826.0,61.0,194.0,generated.photos_v3_0100011
False,2.0,1,1,3,2,1,0,0,23.512662559890487,1826.0,91.0,149.0,generated.photos_v3_0054454
False,2.0,0,2,3,0,1,0,0,33.87816563997262,1826.0,65.0,180.0,generated.photos_v3_0059996_0728435_0796392
False,2.0,1,2,1,0,1,0,0,27.000684462696785,1827.0,77.0,218.0,generated.photos_v3_0047698_0440445_0061729
False,2.0,1,2,1,2,1,0,0,33.09514031485284,1826.0,66.0,155.0,generated.photos_v3_0108166_0995943_0972790
False,2.0,1,4,1,2,1,0,0,37.68377823408624,1826.0,60.0,157.0,generated.photos_v3_0003040
False,2.0,1,2,0,0,1,1,0,31.82751540041068,1826.0,93.0,148.0,generated.photos_v3_0112603
False,2.0,0,1,1,2,1,0,0,28.684462696783022,1826.0,68.0,175.0,generated.photos_v3_0039492
False,2.0,1,1,3,2,1,0,0,24.588637919233403,1826.0,60.0,105.0,generated.photos_v3_0050430
False,2.0,1,3,0,0,1,0,0,31.772758384668037,1827.0,66.0,160.0,generated.photos_v3_0056860
False,2.0,0,1,2,2,1,0,0,27.301848049281315,1826.0,64.0,185.0,generated.photos_v3_0021430
False,2.0,1,3,0,2,1,1,0,32.92813141683778,1826.0,71.0,108.0,generated.photos_v3_0049954
False,2.0,0,4,2,2,2,0,0,40.18617385352498,1826.0,78.0,158.0,generated.photos_v3_0016288
False,2.0,1,3,1,0,1,0,0,29.67282683093772,1826.0,69.0,141.0,generated.photos_v3_0086116
False,2.0,1,1,3,2,1,0,0,27.64134154688569,1827.0,67.0,187.0,generated.photos_v3_0022461
False,2.0,0,1,3,2,1,0,0,29.541409993155373,1826.0,64.0,133.0,generated.photos_v3_0086328
False,2.0,1,3,2,2,1,0,0,25.13347022587269,1826.0,84.0,135.0,generated.photos_v3_0083244
False,2.0,1,3,2,2,1,1,1,38.554414784394254,1826.0,72.0,245.0,generated.photos_v3_0049203
False,2.0,1,4,3,3,1,1,0,58.620123203285424,1826.0,65.0,199.0,generated.photos_v3_0073835
False,2.0,1,4,3,2,1,0,0,33.80971937029432,1826.0,69.0,118.0,generated.photos_v3_0000170
False,2.0,1,4,0,0,1,0,0,25.16084873374401,1826.0,61.0,202.0,generated.photos_v3_0045438
False,2.0,1,3,2,2,1,0,0,35.90143737166324,1826.0,65.0,176.0,generated.photos_v3_0054253
False,2.0,1,4,3,0,1,0,0,33.700205338809035,1826.0,78.0,214.0,generated.photos_v3_0062905
False,2.0,1,4,1,2,1,0,0,40.54757015742642,1827.0,61.0,190.0,generated.photos_v3_0083286
False,2.0,1,4,0,0,1,0,0,36.42436687200548,1827.0,68.0,113.0,generated.photos_v3_0027256
False,2.0,0,2,0,2,1,0,0,29.828884325804243,1826.0,68.0,125.0,generated.photos_v3_0059996_0728435_0634450
False,2.0,1,2,2,0,1,0,0,27.512662559890487,1827.0,65.0,118.0,generated.photos_v3_0067100
False,2.0,1,3,1,0,1,0,0,29.045859000684462,1826.0,73.0,100.0,generated.photos_v3_0075935
False,2.0,1,4,2,2,2,0,0,34.14647501711157,1826.0,68.0,205.0,generated.photos_v3_0090991
False,2.0,0,4,3,1,2,0,0,63.86036960985626,1826.0,86.0,146.0,generated.photos_v3_0022676
False,2.0,0,4,3,2,0,1,0,43.64681724845996,1826.0,69.0,107.0,generated.photos_v3_0021419
False,2.0,1,2,2,2,1,0,0,26.72416153319644,1826.0,64.0,163.0,generated.photos_v3_0067100_0897354_0027392
False,2.0,0,3,3,2,1,0,0,31.77549623545517,1826.0,68.0,192.0,generated.photos_v3_0054904
False,2.0,0,2,3,2,1,0,0,38.35728952772074,1826.0,67.0,166.0,generated.photos_v3_0072572_0465277_0392561
False,2.0,0,4,1,2,1,0,0,28.082135523613964,1827.0,82.0,117.0,generated.photos_v3_0029079
False,2.0,0,3,1,2,1,0,0,30.71047227926078,1826.0,61.0,140.0,generated.photos_v3_0077677
False,2.0,0,1,3,2,1,0,1,24.750171115674195,1826.0,66.0,179.0,generated.photos_v3_0106887
False,2.0,0,3,0,2,1,0,0,27.838466803559207,1826.0,61.0,170.0,generated.photos_v3_0055213
False,2.0,0,2,1,0,1,0,0,31.195071868583163,1826.0,72.0,169.0,generated.photos_v3_0034416_0308199_0580580
False,2.0,1,1,2,2,1,0,0,28.761122518822724,1826.0,80.0,178.0,generated.photos_v3_0067921
False,2.0,1,3,0,0,1,0,0,32.28199863107461,1826.0,80.0,244.0,generated.photos_v3_0081268
False,2.0,1,4,1,2,1,0,1,30.48870636550308,1826.0,84.0,249.0,generated.photos_v3_0060914
False,2.0,1,4,1,2,1,0,0,28.969199178644764,1826.0,62.0,220.0,generated.photos_v3_0018663
False,2.0,1,4,3,2,1,0,0,32.09582477754962,1827.0,66.0,174.0,generated.photos_v3_0036575
False,2.0,1,3,3,2,1,0,0,30.874743326488705,1826.0,78.0,141.0,generated.photos_v3_0097387
False,2.0,0,3,0,2,1,0,0,30.65571526351814,1826.0,91.0,170.0,generated.photos_v3_0058290
False,2.0,0,3,2,2,1,0,0,30.22861054072553,1826.0,72.0,150.0,generated.photos_v3_0082952
False,2.0,0,3,3,2,1,0,0,33.18822724161533,1826.0,63.0,112.0,generated.photos_v3_0009963
False,2.0,0,4,1,1,0,1,0,38.87200547570158,1826.0,68.0,142.0,generated.photos_v3_0078624
False,2.0,1,4,1,2,1,0,0,34.25051334702259,1826.0,81.0,206.0,generated.photos_v3_0107782
False,2.0,1,1,3,2,1,0,0,24.095824777549623,1826.0,94.0,142.0,generated.photos_v3_0020895
False,2.0,0,4,1,2,2,0,0,27.42231348391513,1826.0,66.0,178.0,generated.photos_v3_0036749
False,2.0,1,1,3,2,1,0,0,23.93702943189596,1826.0,95.0,114.0,generated.photos_v3_0030310
False,2.0,0,4,1,2,1,0,0,38.209445585215605,1826.0,66.0,193.0,generated.photos_v3_0072123
False,2.0,0,1,0,0,1,0,0,21.88637919233402,1826.0,83.0,175.0,generated.photos_v3_0099784
False,2.0,0,3,2,2,1,0,0,35.39219712525667,1826.0,67.0,102.0,generated.photos_v3_0045823
False,2.0,1,3,0,2,1,0,1,24.8186173853525,1826.0,70.0,190.0,generated.photos_v3_0051665
False,2.0,1,2,2,0,1,0,0,27.849418206707732,1827.0,71.0,107.0,generated.photos_v3_0075573_0131493_0596363
False,2.0,0,4,2,2,1,0,0,43.07186858316222,1826.0,69.0,184.0,generated.photos_v3_0014463
False,2.0,0,2,0,2,1,0,0,26.078028747433265,1826.0,68.0,128.0,generated.photos_v3_0021726_0081156_0279495
False,2.0,0,1,0,2,1,0,0,34.59822039698837,1827.0,70.0,174.0,generated.photos_v3_0006073
False,2.0,0,4,1,2,1,0,0,29.541409993155373,1827.0,82.0,141.0,generated.photos_v3_0105787
False,2.0,0,1,1,2,1,0,1,27.906913073237508,1826.0,83.0,176.0,generated.photos_v3_0035650
False,2.0,1,1,3,2,1,0,0,24.021902806297057,1826.0,61.0,175.0,generated.photos_v3_0025331
False,2.0,0,4,2,1,2,1,1,39.97262149212868,1827.0,79.0,133.0,generated.photos_v3_0031378
False,2.0,1,2,2,0,1,1,0,21.56605065023956,1826.0,68.0,227.0,generated.photos_v3_0075573_0131493_0997184
False,2.0,0,4,2,2,1,1,0,33.86173853524983,1826.0,76.0,134.0,generated.photos_v3_0058331
False,2.0,0,4,1,1,0,0,0,47.30732375085558,1826.0,67.0,165.0,generated.photos_v3_0010375
False,2.0,0,1,0,2,1,0,0,22.546201232032853,1826.0,63.0,128.0,generated.photos_v3_0046654
False,2.0,0,3,1,2,1,0,0,28.591375770020534,1826.0,82.0,106.0,generated.photos_v3_0112205
False,2.0,0,1,1,2,1,0,0,28.265571526351813,1827.0,74.0,177.0,generated.photos_v3_0046640
False,2.0,1,4,3,2,1,0,1,24.503764544832308,1826.0,76.0,187.0,generated.photos_v3_0060877
False,2.0,1,4,0,2,1,1,0,23.28268309377139,1826.0,71.0,232.0,generated.photos_v3_0040580
False,2.0,1,3,1,0,1,0,0,31.37303216974675,1826.0,60.0,149.0,generated.photos_v3_0024748
False,2.0,1,4,1,2,1,0,0,35.950718685831625,1826.0,95.0,126.0,generated.photos_v3_0033234
False,2.0,0,3,2,2,1,0,0,28.128678986995208,1826.0,71.0,118.0,generated.photos_v3_0105209
False,2.0,0,3,3,2,1,1,0,27.4031485284052,1826.0,78.0,167.0,generated.photos_v3_0075936
False,2.0,0,1,1,2,1,0,0,23.863107460643395,1826.0,88.0,125.0,generated.photos_v3_0032300
False,2.0,0,4,0,2,1,0,0,38.3025325119781,1826.0,70.0,132.0,generated.photos_v3_0003687
False,2.0,1,2,1,0,1,0,0,29.218343600273784,1827.0,82.0,202.0,generated.photos_v3_0081825_0003559_0497605
False,2.0,1,1,3,2,1,0,0,32.17522245037645,1826.0,92.0,109.0,generated.photos_v3_0111308
False,2.0,1,4,0,2,1,0,0,26.79534565366188,1826.0,84.0,238.0,generated.photos_v3_0055204
False,2.0,0,1,3,2,1,1,0,33.779603011635864,1826.0,75.0,103.0,generated.photos_v3_0053852
False,2.0,1,3,2,0,1,0,0,19.345653661875428,1827.0,77.0,244.0,generated.photos_v3_0109590
False,2.0,0,2,0,2,1,0,0,36.2217659137577,1827.0,62.0,194.0,generated.photos_v3_0059996_0728435_0643585
False,2.0,0,1,2,2,1,0,1,27.1129363449692,1826.0,63.0,130.0,generated.photos_v3_0093492
False,2.0,0,1,1,2,1,0,0,23.32375085557837,1827.0,75.0,197.0,generated.photos_v3_0071371
False,2.0,0,3,3,0,1,0,0,29.40177960301164,1826.0,75.0,100.0,generated.photos_v3_0046720
False,2.0,0,3,2,2,1,1,0,33.889117043121146,1827.0,72.0,157.0,generated.photos_v3_0050618
False,2.0,1,3,3,0,1,1,0,27.359342915811087,1826.0,95.0,179.0,generated.photos_v3_0094128
False,2.0,0,3,1,2,1,0,1,25.749486652977414,1826.0,73.0,128.0,generated.photos_v3_0107740
False,2.0,0,4,0,2,1,0,0,43.64681724845996,1826.0,65.0,181.0,generated.photos_v3_0029324
False,2.0,0,2,1,0,1,0,0,32.591375770020534,1826.0,77.0,184.0,generated.photos_v3_0058749_0041322_0853309
False,2.0,1,3,3,0,1,1,0,33.18001368925393,1826.0,91.0,197.0,generated.photos_v3_0062899
False,2.0,0,1,0,0,1,0,0,25.27857631759069,1826.0,71.0,144.0,generated.photos_v3_0062137
False,2.0,1,4,3,3,1,0,0,61.60711841204655,1827.0,63.0,124.0,generated.photos_v3_0087805
False,2.0,0,2,3,2,1,0,0,36.51471594798083,1826.0,68.0,140.0,generated.photos_v3_0059837
False,2.0,0,4,3,2,1,0,1,34.776180698151954,1826.0,60.0,134.0,generated.photos_v3_0067926
False,2.0,0,4,0,2,1,0,0,29.59616700889801,1826.0,60.0,198.0,generated.photos_v3_0025297
False,2.0,0,3,2,2,1,0,0,33.40177960301163,1826.0,73.0,193.0,generated.photos_v3_0015426
False,2.0,1,4,2,2,1,0,0,29.470225872689937,1826.0,61.0,213.0,generated.photos_v3_0025718
False,2.0,1,3,2,0,1,0,0,33.80698151950719,1827.0,75.0,135.0,generated.photos_v3_0025056
False,2.0,1,4,3,2,1,0,0,40.27378507871321,1826.0,64.0,172.0,generated.photos_v3_0028214
False,2.0,1,4,0,2,1,0,0,30.38740588637919,1826.0,91.0,168.0,generated.photos_v3_0016311
False,2.0,1,3,2,2,1,0,0,35.15947980835045,1826.0,64.0,111.0,generated.photos_v3_0053895
False,2.0,1,3,3,0,1,0,0,34.672142368240934,1826.0,95.0,215.0,generated.photos_v3_0075852
False,2.0,1,4,3,2,1,0,0,27.326488706365502,1826.0,74.0,158.0,generated.photos_v3_0044457
False,2.0,0,4,2,2,1,0,0,30.548939082819988,1826.0,74.0,196.0,generated.photos_v3_0037526
False,2.0,1,1,2,2,1,0,0,25.22655715263518,1826.0,62.0,183.0,generated.photos_v3_0051648
False,2.0,1,3,2,0,1,1,0,29.960301163586585,1826.0,76.0,219.0,generated.photos_v3_0081131
False,2.0,0,2,0,2,1,0,0,31.67693360711841,1827.0,60.0,148.0,generated.photos_v3_0058749_0041322_0179013
False,2.0,0,3,3,2,1,0,0,24.150581793292265,1826.0,60.0,101.0,generated.photos_v3_0075503
False,2.0,1,4,1,2,1,0,0,18.60369609856263,1827.0,66.0,118.0,generated.photos_v3_0096698
False,2.0,0,4,3,2,1,0,0,25.67282683093772,1826.0,74.0,142.0,generated.photos_v3_0012201
False,2.0,1,2,1,0,1,0,0,31.93429158110883,1826.0,60.0,115.0,generated.photos_v3_0108166_0459351_0407616
False,2.0,1,4,2,2,1,0,0,25.919233401779604,1827.0,86.0,186.0,generated.photos_v3_0019368
False,2.0,1,2,3,0,1,0,0,33.12251882272416,1826.0,67.0,160.0,generated.photos_v3_0100245_0367319_0873385
False,2.0,0,4,2,2,2,0,0,34.535249828884325,1826.0,60.0,175.0,generated.photos_v3_0074191
False,2.0,0,3,3,2,1,1,0,26.28884325804244,1827.0,73.0,176.0,generated.photos_v3_0070491
False,2.0,1,1,2,2,1,1,0,27.83025325119781,1826.0,65.0,211.0,generated.photos_v3_0015584
False,2.0,0,3,0,2,1,0,1,32.19164955509925,1827.0,80.0,130.0,generated.photos_v3_0020265
False,2.0,1,3,1,2,1,0,0,36.21629021218344,1826.0,63.0,241.0,generated.photos_v3_0094529
False,2.0,1,2,1,0,1,1,1,27.33744010951403,1826.0,91.0,228.0,generated.photos_v3_0036299_0667120_0155290
False,2.0,0,4,2,2,1,0,1,30.55989048596852,1826.0,75.0,100.0,generated.photos_v3_0087233
False,2.0,0,4,2,2,0,0,0,29.77686516084873,1826.0,67.0,165.0,generated.photos_v3_0088100
False,2.0,0,3,1,0,1,0,1,25.4072553045859,1826.0,93.0,140.0,generated.photos_v3_0053062
False,2.0,1,3,3,0,1,1,0,21.752224503764545,1826.0,65.0,215.0,generated.photos_v3_0093534
False,2.0,0,3,2,2,1,1,0,33.478439425051334,1826.0,64.0,170.0,generated.photos_v3_0112758
False,2.0,0,4,2,2,1,0,0,26.702258726899384,1826.0,69.0,145.0,generated.photos_v3_0052354
False,2.0,1,4,3,2,1,1,0,36.73921971252567,1826.0,61.0,200.0,generated.photos_v3_0042812
False,2.0,1,1,1,2,1,1,0,33.23477070499658,1826.0,62.0,128.0,generated.photos_v3_0109581
False,2.0,0,1,0,2,1,0,0,33.13073237508556,1826.0,85.0,100.0,generated.photos_v3_0038990
False,2.0,1,4,3,2,1,0,0,32.02190280629706,1826.0,67.0,166.0,generated.photos_v3_0078378
False,2.0,0,1,0,2,1,0,0,24.35592060232717,1826.0,67.0,107.0,generated.photos_v3_0095555
False,2.0,1,4,2,2,1,0,0,28.2217659137577,1826.0,65.0,163.0,generated.photos_v3_0045204
False,2.0,0,2,2,2,1,0,0,40.01368925393566,1826.0,84.0,168.0,generated.photos_v3_0091104_0611376_0575779
False,2.0,1,3,0,2,1,0,0,23.67693360711841,1826.0,63.0,167.0,generated.photos_v3_0012412
False,2.0,0,3,2,2,1,0,0,38.19028062970568,1826.0,80.0,157.0,generated.photos_v3_0004516
False,2.0,0,4,0,2,1,0,0,34.16290212183436,1826.0,75.0,128.0,generated.photos_v3_0015369
False,2.0,0,4,2,2,2,0,0,42.050650239561946,1826.0,61.0,149.0,generated.photos_v3_0071162
False,2.0,0,4,2,1,1,0,0,27.50171115674196,1827.0,79.0,150.0,generated.photos_v3_0073013
False,2.0,0,4,2,2,1,0,1,32.30116358658453,1826.0,62.0,148.0,generated.photos_v3_0045589
False,2.0,1,4,3,2,1,0,0,33.35523613963039,1826.0,71.0,154.0,generated.photos_v3_0021769
False,2.0,0,1,3,2,1,0,0,21.75770020533881,1827.0,71.0,187.0,generated.photos_v3_0071148
False,2.0,1,2,1,0,1,0,0,24.52840520191649,1827.0,94.0,159.0,generated.photos_v3_0069833_0379607_0272177
False,2.0,0,1,1,2,1,0,0,28.621492128678987,1826.0,65.0,174.0,generated.photos_v3_0085787
False,2.0,1,2,1,0,1,0,0,31.59479808350445,1826.0,69.0,226.0,generated.photos_v3_0056110_0507927_0098482
False,2.0,0,1,2,2,1,1,0,30.981519507186857,1827.0,74.0,105.0,generated.photos_v3_0107009
False,2.0,1,4,3,2,1,0,0,36.53114305270363,1826.0,66.0,246.0,generated.photos_v3_0084466
False,2.0,0,3,2,2,1,0,0,29.352498288843258,1826.0,76.0,121.0,generated.photos_v3_0050151
False,2.0,0,1,1,2,1,0,0,28.9637234770705,1826.0,63.0,148.0,generated.photos_v3_0054479
False,2.0,1,2,3,0,1,0,0,24.383299110198493,1826.0,80.0,171.0,generated.photos_v3_0029086_0319559_0121828
False,2.0,0,2,1,2,1,0,0,41.946611909650926,1826.0,64.0,137.0,generated.photos_v3_0091104_0611376_0931017
False,2.0,0,2,3,0,1,0,0,32.30116358658453,1826.0,75.0,122.0,generated.photos_v3_0059996_0728435_0857844
False,2.0,0,1,0,2,1,0,0,37.23477070499658,1826.0,73.0,104.0,generated.photos_v3_0067299
False,2.0,0,3,1,2,1,1,0,28.88980150581793,1826.0,64.0,101.0,generated.photos_v3_0009540
False,2.0,1,3,0,0,1,0,0,32.46269678302532,1826.0,61.0,229.0,generated.photos_v3_0049158
False,2.0,1,2,1,2,1,0,0,29.163586584531146,1826.0,61.0,106.0,generated.photos_v3_0108166_0995943_0018246
False,2.0,0,4,0,2,1,0,0,31.96167008898015,1826.0,71.0,180.0,generated.photos_v3_0076545
False,2.0,0,4,2,2,1,0,0,30.195756331279945,1826.0,68.0,197.0,generated.photos_v3_0066030
False,2.0,1,3,2,0,1,0,0,27.318275154004105,1826.0,71.0,225.0,generated.photos_v3_0067474
False,2.0,0,1,2,2,1,0,0,32.78302532511978,1826.0,74.0,112.0,generated.photos_v3_0074408
False,2.0,0,2,0,0,1,0,0,34.88569472963724,1826.0,83.0,140.0,generated.photos_v3_0108166_0459351_0727596
False,2.0,0,4,1,2,1,0,0,24.985626283367555,1826.0,70.0,101.0,generated.photos_v3_0025445
False,2.0,0,3,0,2,1,0,0,33.80150581793292,1826.0,69.0,104.0,generated.photos_v3_0049206
False,2.0,0,1,0,2,1,0,0,22.94318959616701,1826.0,66.0,182.0,generated.photos_v3_0080006
False,2.0,0,3,2,2,1,0,0,30.81724845995893,1826.0,61.0,132.0,generated.photos_v3_0043059
False,2.0,0,3,1,2,1,0,0,30.89664613278576,1827.0,68.0,178.0,generated.photos_v3_0082605
False,2.0,1,1,2,2,1,0,0,20.11498973305955,1826.0,95.0,137.0,generated.photos_v3_0059997
False,2.0,0,3,1,2,1,0,0,28.88432580424367,1826.0,63.0,181.0,generated.photos_v3_0040578
False,2.0,0,4,1,1,2,0,0,37.24572210814511,1826.0,71.0,106.0,generated.photos_v3_0109178
False,2.0,0,2,0,2,1,0,0,32.936344969199176,1826.0,87.0,102.0,generated.photos_v3_0059996_0728435_0778851
False,2.0,1,2,1,0,1,0,0,25.336071184120467,1826.0,75.0,145.0,generated.photos_v3_0077407_0498177_0347832
False,2.0,0,1,2,2,1,0,0,18.93223819301848,1826.0,76.0,185.0,generated.photos_v3_0041673
False,2.0,0,3,0,2,1,0,0,20.996577686516083,1826.0,65.0,167.0,generated.photos_v3_0105025
False,2.0,0,4,1,2,2,0,0,34.42026009582478,1826.0,65.0,148.0,generated.photos_v3_0099218
False,2.0,0,1,3,2,1,0,0,28.18069815195072,1826.0,68.0,162.0,generated.photos_v3_0106538
False,2.0,0,2,2,0,1,0,0,30.39561943874059,1827.0,65.0,112.0,generated.photos_v3_0059996
False,2.0,0,4,2,2,2,0,0,32.71184120465435,1826.0,68.0,112.0,generated.photos_v3_0076785
False,2.0,0,3,0,0,1,0,0,18.82546201232033,1826.0,67.0,150.0,generated.photos_v3_0090599
False,2.0,1,4,2,2,1,0,0,38.926762491444215,1826.0,61.0,152.0,generated.photos_v3_0007424
False,2.0,0,2,3,2,1,0,0,39.950718685831625,1827.0,65.0,182.0,generated.photos_v3_0059837_0620470_0465328
False,2.0,0,3,3,0,1,0,0,31.23340177960301,1826.0,95.0,184.0,generated.photos_v3_0025691
False,2.0,1,4,3,0,1,0,0,32.91991786447639,1827.0,87.0,193.0,generated.photos_v3_0010602
False,2.0,1,1,0,2,1,0,0,29.522245037645447,1826.0,63.0,170.0,generated.photos_v3_0079893
False,2.0,1,3,1,2,1,0,0,21.81245722108145,1826.0,70.0,193.0,generated.photos_v3_0037530
False,2.0,1,2,3,0,1,0,0,33.78781656399726,1827.0,92.0,196.0,generated.photos_v3_0034274_0121661_0765218
False,2.0,1,1,2,2,1,0,0,22.99247091033539,1826.0,89.0,112.0,generated.photos_v3_0049824
False,2.0,0,1,3,2,1,0,0,19.638603696098563,1826.0,61.0,174.0,generated.photos_v3_0072130
False,2.0,0,1,1,2,1,0,1,24.47364818617385,1826.0,71.0,110.0,generated.photos_v3_0012808
False,2.0,1,3,2,2,1,0,0,27.482546201232037,1826.0,69.0,192.0,generated.photos_v3_0046068
False,2.0,0,3,3,2,1,0,0,35.11841204654346,1826.0,66.0,152.0,generated.photos_v3_0016139
False,2.0,1,1,2,0,1,0,0,24.91718001368925,1826.0,64.0,116.0,generated.photos_v3_0099378
False,2.0,1,3,3,0,1,0,0,30.77344284736482,1826.0,62.0,121.0,generated.photos_v3_0060905
False,2.0,0,2,0,0,1,0,0,32.87611225188228,1826.0,68.0,107.0,generated.photos_v3_0059996_0728435_0277638
False,2.0,0,3,3,2,1,0,0,32.07939767282683,1826.0,60.0,178.0,generated.photos_v3_0024809
False,2.0,0,4,3,2,1,0,0,25.90280629705681,1827.0,91.0,196.0,generated.photos_v3_0003285
False,2.0,0,1,0,2,1,1,0,26.55715263518138,1826.0,74.0,138.0,generated.photos_v3_0017596
False,2.0,0,1,0,2,1,0,0,35.46338124572211,1826.0,65.0,183.0,generated.photos_v3_0066438
False,2.0,0,2,0,2,1,0,0,38.80082135523614,1826.0,75.0,129.0,generated.photos_v3_0007944
False,2.0,0,1,3,2,1,0,0,30.2943189596167,1826.0,75.0,163.0,generated.photos_v3_0005821
False,2.0,0,2,2,0,1,0,0,33.530458590006845,1826.0,66.0,193.0,generated.photos_v3_0059996_0728435_0938082
False,2.0,0,3,0,2,1,0,0,28.15605749486653,1827.0,80.0,144.0,generated.photos_v3_0025717
False,2.0,0,3,3,2,1,0,0,30.12183436002738,1826.0,61.0,183.0,generated.photos_v3_0059996_0728435_0939149
False,2.0,0,2,2,2,1,0,0,25.897330595482547,1826.0,70.0,162.0,generated.photos_v3_0021726_0081156_0071127
False,2.0,1,3,2,2,1,0,0,32.309377138945926,1826.0,70.0,199.0,generated.photos_v3_0056074
False,2.0,1,1,0,0,1,0,0,18.537987679671456,1826.0,77.0,132.0,generated.photos_v3_0067478
False,2.0,0,3,2,2,1,0,0,23.1211498973306,1826.0,60.0,175.0,generated.photos_v3_0111277
False,2.0,1,3,2,0,1,0,0,39.0280629705681,1826.0,79.0,231.0,generated.photos_v3_0069496
False,2.0,0,1,0,0,1,0,0,29.084188911704317,1826.0,60.0,125.0,generated.photos_v3_0047019
False,2.0,0,1,3,2,1,0,1,20.303901437371664,1826.0,78.0,195.0,generated.photos_v3_0088495
False,2.0,1,1,2,2,1,0,1,21.44558521560575,1826.0,63.0,237.0,generated.photos_v3_0058313
False,2.0,1,4,3,2,1,0,1,31.247091033538677,1827.0,71.0,189.0,generated.photos_v3_0084278
False,2.0,0,1,0,2,1,0,0,28.399726214921287,1826.0,69.0,193.0,generated.photos_v3_0003317
False,2.0,0,3,3,0,1,1,0,28.607802874743328,1826.0,70.0,107.0,generated.photos_v3_0108518
False,2.0,1,4,3,2,2,0,0,23.148528405201915,1827.0,71.0,186.0,generated.photos_v3_0104322
False,2.0,0,2,0,2,1,0,0,31.310061601642712,1826.0,64.0,133.0,generated.photos_v3_0080023
False,2.0,1,4,0,2,1,1,0,36.31211498973306,1827.0,88.0,165.0,generated.photos_v3_0038380
False,2.0,0,1,3,2,1,0,0,28.65434633812457,1826.0,78.0,143.0,generated.photos_v3_0034237
False,2.0,0,1,2,2,1,0,0,18.414784394250518,1826.0,65.0,188.0,generated.photos_v3_0065044
False,2.0,1,4,0,0,1,0,0,35.23066392881588,1826.0,71.0,141.0,generated.photos_v3_0046689
False,2.0,1,4,0,2,3,0,0,30.25598904859685,1826.0,63.0,201.0,generated.photos_v3_0034948
False,2.0,1,1,0,0,1,0,0,22.078028747433265,1826.0,77.0,194.0,generated.photos_v3_0041455
False,2.0,0,4,1,2,1,0,0,25.163586584531146,1826.0,67.0,179.0,generated.photos_v3_0043524
False,2.0,0,1,3,2,1,0,0,27.16495550992471,1826.0,72.0,200.0,generated.photos_v3_0076574
False,2.0,1,2,3,3,1,0,0,53.68377823408624,1826.0,61.0,161.0,generated.photos_v3_0025925
False,2.0,1,1,3,2,1,1,0,29.587953456536617,1826.0,87.0,137.0,generated.photos_v3_0094888
False,2.0,1,2,1,0,1,0,0,27.668720054757017,1827.0,68.0,166.0,generated.photos_v3_0029086_0319559_0687507
False,2.0,1,3,0,0,1,0,0,31.255304585900067,1826.0,65.0,147.0,generated.photos_v3_0092553
False,2.0,0,3,3,0,1,0,0,28.03832991101985,1827.0,70.0,185.0,generated.photos_v3_0002626
False,2.0,0,3,3,2,1,0,0,32.2135523613963,1827.0,73.0,163.0,generated.photos_v3_0042202
False,2.0,1,4,0,2,2,0,0,33.08145106091718,1826.0,72.0,139.0,generated.photos_v3_0014044
False,2.0,0,1,0,2,1,0,0,26.17111567419576,1826.0,92.0,122.0,generated.photos_v3_0041723
False,2.0,0,1,2,2,1,0,0,28.670773442847366,1826.0,71.0,148.0,generated.photos_v3_0048075
False,2.0,0,4,2,2,1,0,0,25.31416837782341,1826.0,63.0,127.0,generated.photos_v3_0098917
False,2.0,0,1,3,2,1,0,1,34.08350444900753,1826.0,83.0,172.0,generated.photos_v3_0058299
False,2.0,1,1,2,0,1,0,0,31.32101300479124,1826.0,65.0,222.0,generated.photos_v3_0028026
False,2.0,1,2,3,0,1,0,0,29.234770704996578,1827.0,71.0,203.0,generated.photos_v3_0067100_0897354_0225898
False,2.0,1,4,2,2,1,0,0,27.1211498973306,1826.0,87.0,157.0,generated.photos_v3_0061426
False,2.0,1,2,2,0,1,0,0,24.98836413415469,1827.0,83.0,205.0,generated.photos_v3_0075573_0131493_0131040
False,2.0,1,3,3,2,1,0,0,32.61875427789185,1826.0,69.0,201.0,generated.photos_v3_0112812
False,2.0,1,2,3,0,1,0,0,31.173169062286107,1826.0,60.0,206.0,generated.photos_v3_0036299_0667120_0623971
False,2.0,0,3,3,2,1,0,0,34.38466803559206,1826.0,78.0,107.0,generated.photos_v3_0098295
False,2.0,1,1,2,2,1,0,0,21.590691307323752,1827.0,68.0,169.0,generated.photos_v3_0033176
False,2.0,0,3,2,2,1,0,0,32.1368925393566,1826.0,79.0,169.0,generated.photos_v3_0068166
False,2.0,0,1,3,2,1,1,0,25.911019849418206,1826.0,77.0,192.0,generated.photos_v3_0065442
False,2.0,0,4,1,2,1,0,0,32.32580424366872,1826.0,66.0,109.0,generated.photos_v3_0035513
False,2.0,0,3,1,2,1,0,0,31.94798083504449,1827.0,92.0,127.0,generated.photos_v3_0047729_0931598_0990670
False,2.0,1,2,2,0,1,0,0,26.46406570841889,1826.0,66.0,161.0,generated.photos_v3_0026235
False,2.0,0,2,3,2,1,0,1,38.338124572210816,1827.0,71.0,176.0,generated.photos_v3_0091104_0611376_0647554
False,2.0,1,4,0,2,1,0,0,31.11567419575633,1826.0,83.0,117.0,generated.photos_v3_0103076
False,2.0,1,2,3,2,1,1,0,27.84394250513347,1826.0,91.0,109.0,generated.photos_v3_0034416_0308199_0353211
False,2.0,1,4,3,2,1,0,0,30.95687885010267,1827.0,80.0,133.0,generated.photos_v3_0025660
False,2.0,1,3,2,2,1,0,0,25.440109514031484,1827.0,92.0,241.0,generated.photos_v3_0022133
False,2.0,0,3,1,2,1,0,0,27.926078028747437,1826.0,78.0,108.0,generated.photos_v3_0059581
False,2.0,0,3,1,0,1,0,0,24.919917864476385,1826.0,77.0,159.0,generated.photos_v3_0101926
False,2.0,1,1,0,0,1,0,0,26.17385352498289,1827.0,68.0,166.0,generated.photos_v3_0105573
False,2.0,0,1,3,2,1,0,0,32.76933607118412,1826.0,74.0,164.0,generated.photos_v3_0008043
False,2.0,1,4,3,2,2,1,0,19.772758384668037,1827.0,70.0,139.0,generated.photos_v3_0092633
False,2.0,0,4,0,1,0,0,0,30.633812457221083,1826.0,84.0,157.0,generated.photos_v3_0041319
False,2.0,1,1,1,2,1,0,0,25.7741273100616,1826.0,63.0,234.0,generated.photos_v3_0103658
False,2.0,1,1,2,0,1,1,0,23.630390143737166,1826.0,65.0,223.0,generated.photos_v3_0029258
False,2.0,1,4,3,2,1,0,1,28.24366872005476,1826.0,61.0,138.0,generated.photos_v3_0068589
False,2.0,0,3,3,0,1,0,0,29.51403148528405,1826.0,70.0,157.0,generated.photos_v3_0106251
False,2.0,0,4,3,2,1,0,0,27.26899383983573,1826.0,79.0,139.0,generated.photos_v3_0050765
False,2.0,0,3,0,2,1,0,0,23.805612594113622,1826.0,70.0,173.0,generated.photos_v3_0090569
False,2.0,0,1,0,0,1,0,0,28.257357973990416,1827.0,72.0,151.0,generated.photos_v3_0009638
False,2.0,1,3,2,0,1,0,0,29.75770020533881,1826.0,64.0,179.0,generated.photos_v3_0103301
False,2.0,0,1,2,2,1,0,0,19.915126625598905,1826.0,76.0,129.0,generated.photos_v3_0007601
False,2.0,1,1,2,2,1,0,0,27.342915811088297,1827.0,77.0,158.0,generated.photos_v3_0096454
False,2.0,1,3,2,2,1,0,0,27.68240930869268,1827.0,63.0,223.0,generated.photos_v3_0097762
False,2.0,1,3,2,2,1,1,0,29.88911704312115,1826.0,90.0,225.0,generated.photos_v3_0056880
False,2.0,1,3,2,2,1,0,0,24.720054757015745,1826.0,61.0,165.0,generated.photos_v3_0038181
False,2.0,1,3,3,2,1,0,0,26.965092402464062,1826.0,80.0,190.0,generated.photos_v3_0003103
False,2.0,0,1,0,2,1,0,1,23.8466803559206,1826.0,81.0,128.0,generated.photos_v3_0047027
False,2.0,0,4,3,1,1,0,0,19.019849418206707,1826.0,69.0,124.0,generated.photos_v3_0072705
False,2.0,0,2,0,0,1,0,0,30.40109514031485,1826.0,71.0,141.0,generated.photos_v3_0031482_0683247_0962590
False,2.0,0,1,2,2,1,0,0,33.210130047912386,1826.0,60.0,110.0,generated.photos_v3_0078228
False,2.0,0,2,2,2,1,0,0,44.03559206023272,1827.0,61.0,169.0,generated.photos_v3_0091104_0611376_0403230
False,2.0,1,3,2,0,1,0,0,34.12457221081451,1826.0,67.0,212.0,generated.photos_v3_0106912
False,2.0,1,2,0,0,1,0,0,29.27310061601643,1826.0,68.0,113.0,generated.photos_v3_0009572
False,2.0,1,4,2,3,1,0,0,57.711156741957566,1826.0,81.0,164.0,generated.photos_v3_0053668
False,2.0,0,3,1,2,1,0,0,30.19301848049281,1826.0,65.0,167.0,generated.photos_v3_0006669
False,2.0,1,2,3,0,1,0,0,26.11635865845312,1826.0,75.0,106.0,generated.photos_v3_0047698_0440445_0314477
False,2.0,1,2,2,0,1,0,0,29.453798767967147,1826.0,81.0,214.0,generated.photos_v3_0108166_0995943_0482977
False,2.0,0,4,0,2,0,0,0,31.71526351813826,1826.0,73.0,107.0,generated.photos_v3_0065325
False,2.0,0,1,2,0,1,0,1,24.698151950718685,1826.0,71.0,159.0,generated.photos_v3_0082757
False,2.0,0,3,0,2,1,0,0,31.318275154004105,1826.0,66.0,200.0,generated.photos_v3_0009764
False,2.0,1,3,1,0,1,0,0,35.449691991786445,1826.0,87.0,237.0,generated.photos_v3_0067095
False,2.0,0,4,1,2,1,0,0,21.97946611909651,1826.0,72.0,194.0,generated.photos_v3_0085762
False,2.0,0,3,3,2,1,0,0,30.444900752908968,1826.0,74.0,166.0,generated.photos_v3_0041296_0711823_0571222
False,2.0,1,4,2,2,1,0,0,25.637234770705,1827.0,93.0,170.0,generated.photos_v3_0038234
False,2.0,1,3,0,0,1,0,0,25.34154688569473,1827.0,84.0,149.0,generated.photos_v3_0013089
False,2.0,1,2,2,0,1,0,0,24.695414099931558,1826.0,72.0,100.0,generated.photos_v3_0036299_0667120_0538644
False,2.0,0,4,0,2,2,1,0,28.265571526351813,1826.0,91.0,112.0,generated.photos_v3_0108481
False,2.0,0,1,0,2,1,0,0,24.40246406570842,1826.0,73.0,179.0,generated.photos_v3_0090431
False,2.0,0,4,0,2,1,0,0,34.7460643394935,1827.0,67.0,127.0,generated.photos_v3_0048728
False,2.0,0,2,0,2,1,0,0,22.302532511978097,1826.0,68.0,135.0,generated.photos_v3_0044884
False,2.0,0,1,2,2,1,0,0,28.484599589322382,1826.0,63.0,159.0,generated.photos_v3_0083465
False,2.0,1,3,0,0,1,0,0,26.31895961670089,1826.0,63.0,140.0,generated.photos_v3_0038967
False,2.0,1,2,0,2,1,0,0,27.24435318275154,1826.0,93.0,192.0,generated.photos_v3_0076134_0766168_0216505
False,2.0,1,4,0,2,1,0,0,28.32032854209445,1826.0,91.0,188.0,generated.photos_v3_0026595
False,2.0,1,1,1,2,1,0,0,19.980835044490075,1827.0,78.0,240.0,generated.photos_v3_0109204
False,2.0,0,3,3,2,1,0,0,30.012320328542096,1826.0,65.0,152.0,generated.photos_v3_0042749
False,2.0,1,3,1,2,1,0,0,38.18754277891855,1826.0,74.0,155.0,generated.photos_v3_0024221
False,2.0,0,1,0,2,1,0,1,23.85763175906913,1826.0,71.0,190.0,generated.photos_v3_0010190
False,2.0,1,1,1,2,1,0,0,22.94318959616701,1826.0,71.0,191.0,generated.photos_v3_0091317
False,2.0,1,3,3,0,1,0,0,31.15126625598905,1827.0,83.0,171.0,generated.photos_v3_0000630
False,2.0,1,2,1,0,1,0,0,22.69678302532512,1826.0,73.0,133.0,generated.photos_v3_0099561
False,2.0,1,4,2,0,1,1,0,38.157426420260094,1827.0,70.0,123.0,generated.photos_v3_0087993
False,2.0,0,4,0,2,1,0,0,30.42573579739904,1826.0,74.0,112.0,generated.photos_v3_0069692
False,2.0,1,2,0,0,1,0,0,29.09514031485284,1826.0,62.0,138.0,generated.photos_v3_0088336
False,2.0,0,4,3,2,1,1,0,18.357289527720734,1827.0,62.0,102.0,generated.photos_v3_0074826
False,2.0,1,1,3,0,1,0,0,32.26830937713895,1826.0,66.0,182.0,generated.photos_v3_0013103
False,2.0,0,1,3,0,1,0,0,24.33401779603012,1826.0,77.0,170.0,generated.photos_v3_0058466
False,2.0,0,3,1,2,1,1,0,33.31690622861054,1826.0,65.0,185.0,generated.photos_v3_0105991
False,2.0,0,4,1,2,2,0,0,45.60164271047228,1826.0,65.0,137.0,generated.photos_v3_0099560
False,2.0,1,2,1,0,1,0,0,24.56947296372348,1826.0,61.0,223.0,generated.photos_v3_0013748_0248697_0821130
False,2.0,0,1,0,2,1,0,0,26.584531143052704,1826.0,82.0,169.0,generated.photos_v3_0077334
False,2.0,0,2,1,0,1,0,0,29.43189596167009,1826.0,60.0,182.0,generated.photos_v3_0032799_0851917_0631712
False,2.0,1,4,1,2,1,0,0,32.1368925393566,1826.0,90.0,200.0,generated.photos_v3_0016912
False,2.0,1,4,0,2,1,0,0,31.627652292950035,1826.0,85.0,242.0,generated.photos_v3_0030043
False,2.0,0,4,0,2,1,0,0,40.72279260780287,1826.0,95.0,143.0,generated.photos_v3_0092384
False,2.0,0,4,3,2,0,0,0,43.69062286105408,1826.0,76.0,124.0,generated.photos_v3_0084294
False,2.0,0,1,0,2,1,0,0,31.039014373716636,1826.0,67.0,170.0,generated.photos_v3_0066946
False,2.0,1,2,2,2,1,0,1,28.186173853524984,1826.0,63.0,106.0,generated.photos_v3_0029937
False,2.0,0,4,0,2,1,0,0,23.7015742642026,1826.0,70.0,117.0,generated.photos_v3_0050204
False,2.0,0,3,0,2,1,0,0,29.04312114989733,1826.0,72.0,191.0,generated.photos_v3_0047793
False,2.0,1,4,3,2,1,0,0,32.772073921971256,1827.0,69.0,187.0,generated.photos_v3_0012962
False,2.0,1,3,3,0,1,0,0,29.180013689253936,1826.0,90.0,188.0,generated.photos_v3_0070659
False,2.0,0,2,3,0,1,0,0,22.119096509240247,1826.0,69.0,171.0,generated.photos_v3_0012976
False,2.0,0,4,1,1,0,0,0,54.35455167693361,1826.0,67.0,154.0,generated.photos_v3_0004872
False,2.0,0,3,3,0,1,0,0,29.492128678986997,1826.0,70.0,156.0,generated.photos_v3_0059996_0728435_0928889
False,2.0,0,4,0,2,1,0,0,31.082819986310746,1826.0,60.0,110.0,generated.photos_v3_0061185
False,2.0,1,4,0,2,2,1,0,32.78302532511978,1826.0,62.0,111.0,generated.photos_v3_0083100
False,2.0,0,1,3,2,1,0,1,27.68240930869268,1826.0,63.0,180.0,generated.photos_v3_0087428
False,2.0,1,2,3,0,1,0,0,27.08555783709788,1826.0,68.0,211.0,generated.photos_v3_0047698_0440445_0357563
False,2.0,0,3,1,2,1,0,0,39.04175222450377,1826.0,79.0,150.0,generated.photos_v3_0104084
False,2.0,1,3,3,0,1,0,0,35.79192334017796,1826.0,70.0,220.0,generated.photos_v3_0101856
False,2.0,0,1,0,2,1,0,0,27.482546201232037,1826.0,63.0,121.0,generated.photos_v3_0108872
False,2.0,0,1,3,2,1,0,0,27.86584531143053,1827.0,77.0,194.0,generated.photos_v3_0018650
False,2.0,0,1,0,2,1,0,0,27.208761122518823,1827.0,69.0,144.0,generated.photos_v3_0059142
False,2.0,1,4,0,2,1,0,0,31.704312114989733,1826.0,90.0,108.0,generated.photos_v3_0109013
False,2.0,0,1,3,2,1,0,1,30.55715263518138,1826.0,65.0,171.0,generated.photos_v3_0065136
False,2.0,1,2,3,0,1,0,0,26.28336755646817,1826.0,92.0,162.0,generated.photos_v3_0075573_0131493_0780601
False,2.0,0,2,1,0,1,0,0,25.27310061601643,1826.0,69.0,197.0,generated.photos_v3_0098757_0129901_0864288
False,2.0,0,2,0,2,1,0,0,29.40177960301164,1826.0,61.0,119.0,generated.photos_v3_0079389_0652990_0437872
False,2.0,1,3,1,2,1,0,0,24.303901437371664,1826.0,74.0,107.0,generated.photos_v3_0039887
False,2.0,0,3,3,2,1,0,0,31.033538672142367,1826.0,61.0,200.0,generated.photos_v3_0107982
False,2.0,1,2,2,0,1,0,1,32.19438740588638,1826.0,93.0,171.0,generated.photos_v3_0030874
False,2.0,0,1,3,2,1,0,0,33.40999315537303,1826.0,64.0,154.0,generated.photos_v3_0055034
False,2.0,1,4,3,2,1,0,0,26.73237508555784,1826.0,63.0,173.0,generated.photos_v3_0034637
False,2.0,0,4,2,2,1,0,0,35.493497604380565,1827.0,64.0,165.0,generated.photos_v3_0019772
False,2.0,1,4,0,2,1,0,0,37.9192334017796,1826.0,66.0,148.0,generated.photos_v3_0034804
False,2.0,1,4,2,2,1,0,1,25.01300479123888,1826.0,72.0,126.0,generated.photos_v3_0062511
False,2.0,0,2,1,0,1,0,0,32.34496919917864,1826.0,81.0,130.0,generated.photos_v3_0059996_0728435_0860159
False,2.0,1,1,3,2,1,0,1,30.863791923340177,1827.0,63.0,248.0,generated.photos_v3_0033986
False,2.0,1,2,0,0,1,0,0,32.16974674880219,1826.0,64.0,219.0,generated.photos_v3_0047729_0931598_0690333
False,2.0,0,1,3,2,1,0,1,22.546201232032853,1827.0,70.0,134.0,generated.photos_v3_0051859
False,2.0,0,1,1,2,1,0,0,28.79671457905544,1826.0,77.0,177.0,generated.photos_v3_0098318
False,2.0,1,2,0,0,1,0,0,31.534565366187543,1826.0,88.0,156.0,generated.photos_v3_0108166_0995943_0322802
False,2.0,0,1,0,2,1,0,0,21.65639972621492,1827.0,61.0,195.0,generated.photos_v3_0005944
False,2.0,1,1,2,2,1,0,0,33.23750855578371,1827.0,72.0,145.0,generated.photos_v3_0030055
False,2.0,0,1,2,2,2,0,0,36.71731690622861,1826.0,66.0,179.0,generated.photos_v3_0084527
False,2.0,1,1,0,0,1,1,0,29.976728268309376,1826.0,78.0,232.0,generated.photos_v3_0042414
False,2.0,0,2,3,0,1,0,1,24.539356605065024,1827.0,74.0,168.0,generated.photos_v3_0069875
False,2.0,0,3,3,2,1,0,0,28.594113620807665,1826.0,60.0,198.0,generated.photos_v3_0071948
False,2.0,1,4,1,3,1,0,1,60.68720054757016,1827.0,69.0,149.0,generated.photos_v3_0065083
False,2.0,0,1,2,2,1,0,0,31.854893908282,1827.0,68.0,177.0,generated.photos_v3_0097566
False,2.0,0,4,0,2,1,0,0,23.38398357289528,1826.0,67.0,139.0,generated.photos_v3_0060688
False,2.0,0,3,1,2,1,0,0,35.08555783709788,1826.0,66.0,143.0,generated.photos_v3_0044064
False,2.0,0,4,2,2,3,0,0,32.99110198494182,1826.0,67.0,161.0,generated.photos_v3_0079468
False,2.0,0,4,0,1,0,0,0,33.39082819986311,1826.0,77.0,186.0,generated.photos_v3_0052809
False,2.0,0,3,0,0,1,1,0,21.297741273100616,1826.0,64.0,195.0,generated.photos_v3_0030732
False,2.0,0,4,2,2,1,0,0,56.435318275154,1827.0,82.0,122.0,generated.photos_v3_0016087
False,2.0,0,4,1,1,2,0,0,33.73032169746749,1827.0,60.0,185.0,generated.photos_v3_0046868
False,2.0,0,2,2,0,1,0,0,29.45653661875428,1826.0,66.0,112.0,generated.photos_v3_0041322
False,2.0,1,4,1,1,1,0,0,56.26009582477755,1827.0,91.0,194.0,generated.photos_v3_0099775
False,2.0,0,3,1,2,1,0,0,29.01300479123888,1826.0,65.0,132.0,generated.photos_v3_0066776
False,2.0,1,4,3,0,1,0,0,34.77344284736482,1826.0,88.0,225.0,generated.photos_v3_0064607
False,2.0,0,4,2,2,2,0,0,27.90965092402464,1826.0,66.0,105.0,generated.photos_v3_0010192
False,2.0,1,3,2,0,1,0,0,25.37987679671458,1826.0,65.0,194.0,generated.photos_v3_0049178
False,2.0,1,3,1,0,1,0,0,25.347022587268995,1826.0,63.0,237.0,generated.photos_v3_0103918
False,2.0,0,4,2,1,3,1,0,36.936344969199176,1826.0,95.0,114.0,generated.photos_v3_0086090
False,2.0,1,3,0,0,1,0,0,31.28542094455852,1826.0,69.0,119.0,generated.photos_v3_0102179
False,2.0,0,4,0,2,1,0,0,27.312799452429843,1826.0,82.0,146.0,generated.photos_v3_0044110
False,2.0,0,4,2,2,1,0,0,36.440793976728266,1826.0,81.0,175.0,generated.photos_v3_0056299
False,2.0,0,4,2,1,0,0,0,29.352498288843258,1826.0,89.0,134.0,generated.photos_v3_0027474
False,2.0,1,3,3,0,1,0,0,33.75770020533881,1826.0,60.0,178.0,generated.photos_v3_0075454
False,2.0,0,4,3,2,2,1,0,31.05817932922656,1826.0,64.0,147.0,generated.photos_v3_0096917
False,2.0,0,4,0,1,2,0,0,30.46406570841889,1826.0,69.0,153.0,generated.photos_v3_0039662
False,2.0,1,3,2,2,1,1,0,28.750171115674195,1827.0,91.0,118.0,generated.photos_v3_0035017
False,2.0,0,4,2,2,1,0,0,31.156741957563312,1826.0,93.0,153.0,generated.photos_v3_0062615
False,2.0,1,1,3,0,1,0,0,23.734428473648187,1826.0,88.0,137.0,generated.photos_v3_0065185
False,2.0,1,4,1,1,1,0,0,43.25530458590007,1826.0,72.0,142.0,generated.photos_v3_0057645
False,2.0,0,3,2,0,1,0,0,26.4476386036961,1826.0,77.0,153.0,generated.photos_v3_0022594
False,2.0,1,4,0,2,1,0,0,21.76865160848734,1827.0,66.0,161.0,generated.photos_v3_0005659
False,2.0,1,1,3,0,1,0,0,25.998631074606436,1826.0,67.0,198.0,generated.photos_v3_0018393
False,2.0,0,3,2,0,1,0,0,29.78781656399726,1826.0,90.0,191.0,generated.photos_v3_0071325
False,2.0,1,3,0,0,1,0,1,32.030116358658454,1826.0,86.0,215.0,generated.photos_v3_0062371
False,2.0,0,3,3,2,1,0,0,32.20807665982204,1826.0,66.0,174.0,generated.photos_v3_0004792
False,2.0,0,1,3,2,1,0,1,36.48459958932238,1826.0,70.0,186.0,generated.photos_v3_0071494
False,2.0,1,1,2,0,1,1,0,28.35044490075291,1827.0,71.0,176.0,generated.photos_v3_0087470
False,2.0,1,4,2,2,1,0,0,27.964407939767284,1826.0,86.0,114.0,generated.photos_v3_0004023
False,2.0,0,2,3,0,1,0,0,33.125256673511295,1826.0,77.0,190.0,generated.photos_v3_0058749_0041322_0519554
False,2.0,0,2,2,0,1,0,0,31.86584531143053,1826.0,82.0,117.0,generated.photos_v3_0059996_0728435_0545093
False,2.0,0,3,2,2,1,0,1,31.1047227926078,1826.0,79.0,169.0,generated.photos_v3_0010678
False,2.0,1,2,0,0,1,0,0,30.72689938398357,1826.0,87.0,246.0,generated.photos_v3_0108166_0459351_0329079
False,2.0,1,3,2,0,1,0,0,29.544147843942504,1826.0,82.0,118.0,generated.photos_v3_0051354
False,2.0,1,2,0,0,1,0,0,26.354551676933607,1826.0,66.0,102.0,generated.photos_v3_0076134_0766168_0496271
False,2.0,0,3,3,2,1,0,0,25.83709787816564,1826.0,66.0,167.0,generated.photos_v3_0010320
False,2.0,0,3,0,2,1,0,0,19.148528405201915,1826.0,73.0,136.0,generated.photos_v3_0102056
False,2.0,0,1,2,2,1,0,0,24.79671457905544,1827.0,94.0,170.0,generated.photos_v3_0043778
False,2.0,1,3,1,2,1,0,0,35.83025325119781,1826.0,63.0,126.0,generated.photos_v3_0042467
False,2.0,1,3,0,0,1,0,0,37.04859685147159,1826.0,90.0,179.0,generated.photos_v3_0098814
False,2.0,1,3,1,0,1,0,0,24.908966461327857,1827.0,83.0,159.0,generated.photos_v3_0100697
False,2.0,0,3,0,2,1,0,1,37.379876796714576,1826.0,67.0,164.0,generated.photos_v3_0096811
False,2.0,0,3,2,2,1,0,0,29.697467488021903,1827.0,81.0,185.0,generated.photos_v3_0095883
False,2.0,0,1,2,0,1,0,1,24.49555099247091,1827.0,79.0,127.0,generated.photos_v3_0075963
False,2.0,1,4,3,2,1,1,0,32.46269678302532,1826.0,67.0,197.0,generated.photos_v3_0052304
False,2.0,0,1,1,2,1,0,0,30.203969883641346,1826.0,66.0,189.0,generated.photos_v3_0087505
False,2.0,0,3,0,2,1,0,0,33.72210814510609,1826.0,68.0,125.0,generated.photos_v3_0057283
False,2.0,1,3,3,0,1,0,0,26.47501711156742,1826.0,81.0,249.0,generated.photos_v3_0090910
False,2.0,1,2,1,0,1,0,0,21.440109514031484,1826.0,64.0,125.0,generated.photos_v3_0066925_0430782_0783636
False,2.0,1,3,2,0,1,0,0,44.18617385352498,1826.0,78.0,244.0,generated.photos_v3_0095713
False,2.0,1,2,0,0,1,0,0,22.847364818617383,1827.0,65.0,141.0,generated.photos_v3_0077407_0498177_0992535
False,2.0,0,4,1,2,1,0,0,31.132101300479125,1827.0,80.0,105.0,generated.photos_v3_0092929
False,2.0,0,1,2,2,1,0,1,27.419575633127995,1826.0,78.0,188.0,generated.photos_v3_0038056
False,2.0,0,4,1,2,1,0,1,38.7378507871321,1826.0,72.0,150.0,generated.photos_v3_0030185
False,2.0,0,1,2,2,1,0,0,27.95345653661876,1826.0,66.0,138.0,generated.photos_v3_0009704
False,2.0,1,4,2,2,1,0,1,25.38535249828884,1826.0,63.0,200.0,generated.photos_v3_0040476
False,2.0,0,2,2,2,1,0,1,30.38193018480493,1826.0,63.0,153.0,generated.photos_v3_0079389_0840669_0344435
False,2.0,0,2,3,2,1,0,0,28.37782340862423,1827.0,66.0,166.0,generated.photos_v3_0048943
False,2.0,0,2,1,2,1,1,0,28.49281314168378,1826.0,70.0,155.0,generated.photos_v3_0021726_0081156_0981147
False,2.0,1,3,2,0,1,0,0,34.55989048596852,1826.0,69.0,146.0,generated.photos_v3_0076105
False,2.0,0,4,1,1,2,0,0,52.6652977412731,1826.0,72.0,170.0,generated.photos_v3_0107071
False,2.0,1,2,3,0,1,0,0,28.993839835728952,1826.0,85.0,171.0,generated.photos_v3_0069564_0461624_0036262
False,2.0,1,3,1,0,1,0,0,36.16974674880219,1827.0,70.0,211.0,generated.photos_v3_0100245_0367319_0077693
False,2.0,1,4,3,2,1,1,0,31.904175222450377,1826.0,81.0,108.0,generated.photos_v3_0089660
False,2.0,0,3,1,2,1,0,0,33.62354551676933,1826.0,61.0,111.0,generated.photos_v3_0076878
False,2.0,0,2,0,0,1,0,0,29.544147843942504,1826.0,68.0,116.0,generated.photos_v3_0021726_0081156_0116645
False,2.0,1,2,0,2,1,0,0,29.51950718685832,1826.0,81.0,171.0,generated.photos_v3_0076134_0766168_0960582
False,2.0,1,3,0,2,1,0,0,30.98699520876112,1826.0,60.0,206.0,generated.photos_v3_0020141
False,2.0,1,4,1,2,1,0,0,41.492128678986994,1826.0,90.0,175.0,generated.photos_v3_0096595
False,2.0,0,2,0,0,1,1,0,32.14236824093087,1826.0,86.0,115.0,generated.photos_v3_0032799_0851917_0698646
False,2.0,0,1,0,2,1,0,0,29.78507871321013,1826.0,87.0,198.0,generated.photos_v3_0058011
False,2.0,0,4,1,2,1,0,1,34.02053388090349,1827.0,64.0,192.0,generated.photos_v3_0017712
False,2.0,0,4,2,2,1,0,0,30.64202600958248,1827.0,79.0,183.0,generated.photos_v3_0059333
False,2.0,1,2,2,0,1,0,0,27.66324435318275,1826.0,87.0,158.0,generated.photos_v3_0108166_0995943_0736398
False,2.0,1,4,0,3,1,0,0,59.68514715947981,1826.0,65.0,107.0,generated.photos_v3_0021471
False,2.0,1,1,1,2,1,0,0,18.87748117727584,1827.0,89.0,208.0,generated.photos_v3_0053781
False,2.0,0,4,2,2,1,0,0,37.106091718001366,1826.0,60.0,163.0,generated.photos_v3_0060363
False,2.0,0,4,1,2,1,0,0,40.068446269678304,1826.0,75.0,111.0,generated.photos_v3_0066706
False,2.0,0,3,0,0,1,0,0,27.76454483230664,1826.0,71.0,116.0,generated.photos_v3_0085310
False,2.0,1,4,2,2,1,1,0,28.88432580424367,1826.0,67.0,185.0,generated.photos_v3_0025367
False,2.0,1,2,1,0,1,0,0,28.539356605065024,1826.0,69.0,128.0,generated.photos_v3_0076134_0766168_0075487
False,2.0,0,1,2,0,1,1,0,22.442162902121837,1826.0,65.0,164.0,generated.photos_v3_0096146
False,2.0,0,2,2,2,1,0,0,30.17385352498289,1826.0,63.0,172.0,generated.photos_v3_0037951
False,2.0,0,4,2,2,0,0,0,30.792607802874745,1826.0,69.0,110.0,generated.photos_v3_0058414
False,2.0,0,2,1,2,1,0,0,29.52498288843258,1826.0,90.0,186.0,generated.photos_v3_0079389_0652990_0209355
False,2.0,0,4,2,1,0,0,0,34.209445585215605,1826.0,72.0,182.0,generated.photos_v3_0021882
False,2.0,0,2,1,2,1,0,0,26.535249828884325,1826.0,76.0,136.0,generated.photos_v3_0013830
False,2.0,1,1,2,0,1,0,1,26.06160164271047,1826.0,63.0,130.0,generated.photos_v3_0051381
False,2.0,1,2,3,2,1,0,0,36.629705681040384,1826.0,71.0,100.0,generated.photos_v3_0057519
False,2.0,0,1,0,2,1,0,0,28.48186173853525,1827.0,60.0,158.0,generated.photos_v3_0000333
False,2.0,1,3,3,0,1,0,1,40.20807665982204,1826.0,79.0,124.0,generated.photos_v3_0028483
False,2.0,1,4,0,2,1,0,0,27.255304585900067,1827.0,60.0,113.0,generated.photos_v3_0063694
False,2.0,0,4,0,2,1,1,0,34.39561943874059,1826.0,95.0,190.0,generated.photos_v3_0037548
False,2.0,0,3,3,2,1,0,0,29.177275838466805,1827.0,71.0,183.0,generated.photos_v3_0027997
False,2.0,0,2,1,0,1,0,1,28.281998631074607,1826.0,66.0,172.0,generated.photos_v3_0031482_0683247_0593829
False,2.0,0,1,3,2,1,0,0,33.68925393566051,1826.0,76.0,159.0,generated.photos_v3_0071535
False,2.0,0,4,2,1,0,0,0,42.01779603011636,1827.0,82.0,199.0,generated.photos_v3_0024483
False,2.0,1,3,3,0,1,0,0,27.991786447638603,1826.0,62.0,152.0,generated.photos_v3_0079790
False,2.0,1,1,1,2,1,0,0,22.61738535249829,1826.0,65.0,100.0,generated.photos_v3_0046206
False,2.0,0,3,1,2,1,0,0,34.85010266940452,1826.0,68.0,195.0,generated.photos_v3_0032587
False,2.0,0,1,0,2,1,0,1,27.42231348391513,1826.0,71.0,111.0,generated.photos_v3_0004021
False,2.0,0,1,2,2,1,0,0,29.24845995893224,1826.0,70.0,171.0,generated.photos_v3_0048203
False,2.0,1,3,3,2,1,0,1,26.29158110882957,1826.0,62.0,157.0,generated.photos_v3_0081003
False,2.0,1,2,0,0,1,0,1,36.824093086926766,1826.0,95.0,180.0,generated.photos_v3_0063093_0011471_0299755
False,2.0,1,4,3,2,1,0,1,30.026009582477755,1826.0,87.0,216.0,generated.photos_v3_0079960
False,2.0,1,1,3,2,1,0,0,22.49965776865161,1827.0,82.0,227.0,generated.photos_v3_0104784
False,2.0,0,3,3,2,1,0,0,30.9596167008898,1826.0,65.0,196.0,generated.photos_v3_0052703
False,2.0,1,1,2,2,1,0,0,19.249828884325805,1827.0,82.0,122.0,generated.photos_v3_0108425
False,2.0,0,1,2,2,1,0,0,21.659137577002053,1826.0,91.0,198.0,generated.photos_v3_0076851
False,2.0,0,4,3,2,1,0,0,33.45927446954141,1826.0,64.0,138.0,generated.photos_v3_0028078
False,2.0,1,2,3,0,1,0,0,30.06433949349761,1826.0,69.0,117.0,generated.photos_v3_0108166_0995943_0184360
False,2.0,1,4,0,2,1,0,1,34.72142368240931,1826.0,65.0,118.0,generated.photos_v3_0095516
False,2.0,1,4,3,2,1,0,0,39.6413415468857,1827.0,71.0,196.0,generated.photos_v3_0072616
False,2.0,1,4,1,2,1,0,0,46.46132785763176,1826.0,83.0,231.0,generated.photos_v3_0079031
False,2.0,0,3,0,2,1,0,0,32.11772758384668,1826.0,67.0,177.0,generated.photos_v3_0061118
False,2.0,0,3,3,2,1,0,0,32.95824777549623,1826.0,71.0,110.0,generated.photos_v3_0033676
False,2.0,1,2,0,0,1,1,1,29.50034223134839,1826.0,87.0,196.0,generated.photos_v3_0088336_0553942_0901531
False,2.0,0,1,0,2,1,0,0,30.078028747433265,1826.0,61.0,125.0,generated.photos_v3_0088751
False,2.0,0,3,3,2,1,0,0,28.314852840520192,1826.0,77.0,123.0,generated.photos_v3_0091200
False,2.0,0,4,1,1,2,0,0,32.03559206023272,1826.0,76.0,192.0,generated.photos_v3_0062565
False,2.0,0,4,3,1,0,1,0,28.49281314168378,1827.0,85.0,151.0,generated.photos_v3_0041380
False,2.0,1,4,0,2,1,0,0,27.3347022587269,1826.0,80.0,214.0,generated.photos_v3_0084037
False,2.0,0,2,0,2,1,0,0,33.3388090349076,1826.0,70.0,198.0,generated.photos_v3_0108166_0459351_0549077
False,2.0,0,1,2,2,1,0,0,31.16495550992471,1826.0,82.0,113.0,generated.photos_v3_0096427
False,2.0,0,4,3,1,1,0,0,59.76454483230664,1827.0,64.0,175.0,generated.photos_v3_0086152
False,2.0,0,2,2,0,1,0,0,26.5927446954141,1827.0,60.0,198.0,generated.photos_v3_0103616
False,2.0,1,2,0,2,1,0,0,25.111567419575632,1826.0,67.0,155.0,generated.photos_v3_0069833_0379607_0755622
False,2.0,1,2,0,0,1,0,0,23.68788501026694,1826.0,72.0,247.0,generated.photos_v3_0075573_0131493_0856748
False,2.0,0,1,0,2,1,1,0,34.2258726899384,1826.0,70.0,150.0,generated.photos_v3_0014140
False,2.0,0,3,0,2,1,0,0,31.72895277207392,1826.0,85.0,113.0,generated.photos_v3_0085881
False,2.0,0,4,3,2,0,0,0,38.70499657768652,1826.0,62.0,166.0,generated.photos_v3_0015504
False,2.0,0,3,3,2,1,0,0,41.4154688569473,1826.0,66.0,116.0,generated.photos_v3_0101203
False,2.0,0,2,3,0,1,0,0,31.19780971937029,1826.0,82.0,130.0,generated.photos_v3_0059996_0728435_0083146
False,2.0,0,1,0,0,1,0,0,30.190280629705683,1827.0,68.0,170.0,generated.photos_v3_0081370
False,2.0,0,2,3,2,1,0,0,23.89869952087611,1826.0,65.0,117.0,generated.photos_v3_0107673
False,2.0,1,4,2,2,1,0,0,29.711156741957563,1827.0,65.0,234.0,generated.photos_v3_0081416
False,2.0,1,1,1,0,1,0,0,23.534565366187543,1827.0,68.0,209.0,generated.photos_v3_0086345
False,2.0,0,4,3,2,1,0,0,39.6413415468857,1826.0,80.0,141.0,generated.photos_v3_0030752
False,2.0,0,4,3,2,2,0,0,40.46543463381246,1826.0,77.0,135.0,generated.photos_v3_0083765
False,2.0,1,4,2,2,1,0,0,42.17932922655715,1826.0,68.0,105.0,generated.photos_v3_0044206
False,2.0,1,3,3,0,1,1,0,33.62628336755647,1826.0,85.0,211.0,generated.photos_v3_0090043
False,2.0,0,3,2,2,1,0,0,25.74674880219028,1826.0,73.0,132.0,generated.photos_v3_0078272
False,2.0,0,2,2,2,1,0,0,32.082135523613964,1826.0,93.0,124.0,generated.photos_v3_0059996_0728435_0424495
False,2.0,0,1,2,0,1,1,1,26.20123203285421,1826.0,94.0,186.0,generated.photos_v3_0106948
False,2.0,0,4,2,2,1,0,0,31.6249144421629,1827.0,65.0,197.0,generated.photos_v3_0110079
False,2.0,1,1,0,2,1,0,0,24.826830937713893,1826.0,69.0,143.0,generated.photos_v3_0105312
False,2.0,1,3,1,0,1,1,0,29.83709787816564,1826.0,65.0,110.0,generated.photos_v3_0039414
False,2.0,0,2,0,0,1,0,0,32.33127994524298,1826.0,93.0,178.0,generated.photos_v3_0079389_0652990_0803656
False,2.0,0,2,0,0,1,1,0,28.407939767282684,1827.0,73.0,142.0,generated.photos_v3_0032799_0851917_0419680
False,2.0,0,4,0,2,1,1,0,33.64271047227926,1826.0,76.0,190.0,generated.photos_v3_0078689
False,2.0,0,3,3,2,1,0,0,29.07597535934292,1826.0,64.0,100.0,generated.photos_v3_0031510
False,2.0,1,2,0,2,1,0,0,28.46269678302533,1827.0,63.0,155.0,generated.photos_v3_0047698_0440445_0186487
False,2.0,1,2,2,0,1,0,0,24.487337440109517,1826.0,64.0,248.0,generated.photos_v3_0098796
False,2.0,0,4,1,2,1,0,1,29.97946611909651,1826.0,66.0,159.0,generated.photos_v3_0094810
False,2.0,0,3,2,0,1,0,0,32.62422997946612,1826.0,72.0,143.0,generated.photos_v3_0044172
False,2.0,0,1,0,2,1,0,0,29.415468856947296,1826.0,76.0,148.0,generated.photos_v3_0102669
False,2.0,1,1,3,2,1,0,0,30.236824093086927,1826.0,64.0,187.0,generated.photos_v3_0015467
False,2.0,0,2,1,2,1,0,0,41.97672826830938,1826.0,72.0,152.0,generated.photos_v3_0059837_0620470_0789019
False,2.0,0,1,3,2,1,0,0,31.939767282683093,1826.0,64.0,196.0,generated.photos_v3_0023328
False,2.0,0,4,2,2,1,0,0,28.84052019164956,1826.0,67.0,193.0,generated.photos_v3_0060205
False,2.0,0,4,0,2,3,0,0,33.96577686516085,1826.0,60.0,101.0,generated.photos_v3_0046598
False,2.0,1,3,2,0,1,0,0,27.148528405201915,1826.0,70.0,127.0,generated.photos_v3_0078476
False,2.0,0,4,2,2,1,0,0,30.858316221765914,1827.0,80.0,192.0,generated.photos_v3_0022963
False,2.0,0,3,3,2,1,0,0,25.984941820670773,1826.0,69.0,152.0,generated.photos_v3_0108973
False,2.0,1,2,0,0,1,0,0,28.38877481177276,1827.0,64.0,172.0,generated.photos_v3_0081825
False,2.0,0,4,3,2,3,1,0,34.13278576317591,1826.0,91.0,106.0,generated.photos_v3_0104191
False,2.0,1,4,1,2,1,0,1,27.534565366187543,1827.0,90.0,121.0,generated.photos_v3_0094555
False,2.0,1,3,3,0,1,0,0,31.247091033538677,1826.0,92.0,228.0,generated.photos_v3_0049052
False,2.0,0,4,3,2,1,0,0,29.95208761122519,1826.0,82.0,103.0,generated.photos_v3_0102279
False,2.0,0,1,2,2,1,1,0,31.468856947296374,1826.0,60.0,179.0,generated.photos_v3_0105933
False,2.0,0,1,2,2,1,0,1,27.482546201232037,1827.0,81.0,136.0,generated.photos_v3_0107842
False,2.0,1,1,1,0,1,0,0,24.9637234770705,1827.0,60.0,165.0,generated.photos_v3_0025413
False,2.0,0,1,2,2,1,0,0,18.6694045174538,1826.0,80.0,136.0,generated.photos_v3_0030778
False,2.0,0,3,3,2,1,0,0,22.89664613278576,1827.0,63.0,130.0,generated.photos_v3_0035199
False,2.0,1,2,1,0,1,0,1,35.06639288158795,1827.0,65.0,188.0,generated.photos_v3_0100245_0367319_0513913
False,2.0,1,3,2,0,1,0,1,37.804243668720055,1827.0,75.0,174.0,generated.photos_v3_0053221
False,2.0,1,3,1,2,1,0,0,24.073921971252567,1827.0,60.0,164.0,generated.photos_v3_0010442
False,2.0,0,4,0,2,2,0,0,36.375085557837096,1826.0,61.0,113.0,generated.photos_v3_0002720
False,2.0,0,2,3,0,1,0,0,31.06365503080082,1827.0,64.0,183.0,generated.photos_v3_0059996_0728435_0384645
False,2.0,1,3,3,2,1,0,0,30.217659137577,1826.0,71.0,204.0,generated.photos_v3_0064466
False,2.0,1,4,0,2,2,0,0,24.33675564681725,1826.0,79.0,219.0,generated.photos_v3_0029214
False,2.0,1,4,3,2,2,0,0,25.5523613963039,1826.0,78.0,198.0,generated.photos_v3_0077181
False,2.0,1,4,3,2,1,0,0,46.00958247775496,1827.0,63.0,218.0,generated.photos_v3_0042884
False,2.0,1,4,1,2,1,0,0,31.416837782340863,1827.0,68.0,207.0,generated.photos_v3_0047718
False,2.0,0,3,1,2,1,0,0,27.926078028747437,1826.0,87.0,151.0,generated.photos_v3_0058823
False,2.0,0,3,1,2,1,0,1,26.01779603011636,1827.0,63.0,184.0,generated.photos_v3_0072774
False,2.0,0,3,2,2,1,0,0,29.57700205338809,1826.0,76.0,144.0,generated.photos_v3_0014397
False,2.0,1,4,0,2,1,0,1,29.58521560574949,1826.0,77.0,176.0,generated.photos_v3_0004184
False,2.0,1,2,2,2,1,0,0,27.86584531143053,1826.0,78.0,203.0,generated.photos_v3_0074463
False,2.0,1,4,3,2,1,0,0,34.89664613278576,1826.0,61.0,106.0,generated.photos_v3_0102318
False,2.0,1,4,3,3,1,0,0,61.35523613963039,1826.0,81.0,233.0,generated.photos_v3_0047136
False,2.0,1,3,3,0,1,0,0,22.56536618754278,1826.0,61.0,128.0,generated.photos_v3_0058994
False,2.0,0,1,2,2,1,0,0,27.745379876796715,1826.0,64.0,198.0,generated.photos_v3_0042927
False,2.0,1,2,3,0,1,0,1,26.015058179329227,1826.0,88.0,156.0,generated.photos_v3_0069564_0461624_0876017
False,2.0,0,1,1,2,1,0,1,26.220396988364133,1826.0,79.0,181.0,generated.photos_v3_0004219
False,2.0,0,2,0,0,1,0,0,21.70294318959617,1826.0,75.0,128.0,generated.photos_v3_0016621
False,2.0,1,4,0,2,1,0,1,26.77618069815195,1826.0,80.0,160.0,generated.photos_v3_0086540
False,2.0,1,1,2,2,1,0,0,21.15811088295688,1826.0,71.0,103.0,generated.photos_v3_0050853
False,2.0,0,1,0,2,1,0,1,25.426420260095824,1827.0,64.0,162.0,generated.photos_v3_0073046
False,2.0,1,3,2,2,1,0,1,29.738535249828885,1826.0,68.0,203.0,generated.photos_v3_0091955
False,2.0,1,3,1,0,1,0,0,28.78576317590691,1826.0,70.0,112.0,generated.photos_v3_0030157
